start,end,est_idx,est_end_idx
109.154296875,110.154296875,223548,225596
143.13330078125,144.13330078125,293137,295185
143.63330078125,144.63330078125,294161,296209
144.13330078125,145.13330078125,295185,297233
144.63330078125,145.63330078125,296209,298257
145.13330078125,146.13330078125,297233,299281
145.63330078125,146.63330078125,298257,300305
146.13330078125,147.13330078125,299281,301329
154.3408203125,155.3408203125,316090,318138
154.8408203125,155.8408203125,317114,319162
155.3408203125,156.3408203125,318138,320186
155.8408203125,156.8408203125,319162,321210
156.3408203125,157.3408203125,320186,322234
156.8408203125,157.8408203125,321210,323258
157.3408203125,158.3408203125,322234,324282
157.8408203125,158.8408203125,323258,325306
158.3408203125,159.3408203125,324282,326330
158.8408203125,159.8408203125,325306,327354
159.3408203125,160.3408203125,326330,328378
159.8408203125,160.8408203125,327354,329402
160.3408203125,161.3408203125,328378,330426
160.8408203125,161.8408203125,329402,331450
161.3408203125,162.3408203125,330426,332474
161.8408203125,162.8408203125,331450,333498
162.3408203125,163.3408203125,332474,334522
162.8408203125,163.8408203125,333498,335546
163.3408203125,164.3408203125,334522,336570
163.8408203125,164.8408203125,335546,337594
164.3408203125,165.3408203125,336570,338618
164.8408203125,165.8408203125,337594,339642
165.3408203125,166.3408203125,338618,340666
165.8408203125,166.8408203125,339642,341690
166.3408203125,167.3408203125,340666,342714
166.8408203125,167.8408203125,341690,343738
167.3408203125,168.3408203125,342714,344762
167.8408203125,168.8408203125,343738,345786
168.3408203125,169.3408203125,344762,346810
168.8408203125,169.8408203125,345786,347834
169.3408203125,170.3408203125,346810,348858
169.8408203125,170.8408203125,347834,349882
170.3408203125,171.3408203125,348858,350906
170.8408203125,171.8408203125,349882,351930
171.3408203125,172.3408203125,350906,352954
171.8408203125,172.8408203125,351930,353978
172.3408203125,173.3408203125,352954,355002
172.8408203125,173.8408203125,353978,356026
173.3408203125,174.3408203125,355002,357050
173.8408203125,174.8408203125,356026,358074
174.3408203125,175.3408203125,357050,359098
174.8408203125,175.8408203125,358074,360122
175.3408203125,176.3408203125,359098,361146
175.8408203125,176.8408203125,360122,362170
176.3408203125,177.3408203125,361146,363194
176.8408203125,177.8408203125,362170,364218
177.3408203125,178.3408203125,363194,365242
177.8408203125,178.8408203125,364218,366266
185.494140625,186.494140625,379892,381940
185.994140625,186.994140625,380916,382964
186.494140625,187.494140625,381940,383988
186.994140625,187.994140625,382964,385012
187.494140625,188.494140625,383988,386036
187.994140625,188.994140625,385012,387060
188.494140625,189.494140625,386036,388084
188.994140625,189.994140625,387060,389108
189.494140625,190.494140625,388084,390132
189.994140625,190.994140625,389108,391156
190.494140625,191.494140625,390132,392180
190.994140625,191.994140625,391156,393204
191.494140625,192.494140625,392180,394228
191.994140625,192.994140625,393204,395252
192.494140625,193.494140625,394228,396276
192.994140625,193.994140625,395252,397300
193.494140625,194.494140625,396276,398324
193.994140625,194.994140625,397300,399348
194.494140625,195.494140625,398324,400372
194.994140625,195.994140625,399348,401396
195.494140625,196.494140625,400372,402420
195.994140625,196.994140625,401396,403444
196.494140625,197.494140625,402420,404468
196.994140625,197.994140625,403444,405492
197.494140625,198.494140625,404468,406516
197.994140625,198.994140625,405492,407540
198.494140625,199.494140625,406516,408564
198.994140625,199.994140625,407540,409588
199.494140625,200.494140625,408564,410612
199.994140625,200.994140625,409588,411636
200.494140625,201.494140625,410612,412660
200.994140625,201.994140625,411636,413684
201.494140625,202.494140625,412660,414708
201.994140625,202.994140625,413684,415732
202.494140625,203.494140625,414708,416756
202.994140625,203.994140625,415732,417780
203.494140625,204.494140625,416756,418804
203.994140625,204.994140625,417780,419828
204.494140625,205.494140625,418804,420852
204.994140625,205.994140625,419828,421876
205.494140625,206.494140625,420852,422900
205.994140625,206.994140625,421876,423924
206.494140625,207.494140625,422900,424948
206.994140625,207.994140625,423924,425972
207.494140625,208.494140625,424948,426996
207.994140625,208.994140625,425972,428020
208.494140625,209.494140625,426996,429044
208.994140625,209.994140625,428020,430068
209.494140625,210.494140625,429044,431092
209.994140625,210.994140625,430068,432116
210.494140625,211.494140625,431092,433140
210.994140625,211.994140625,432116,434164
211.494140625,212.494140625,433140,435188
211.994140625,212.994140625,434164,436212
212.494140625,213.494140625,435188,437236
212.994140625,213.994140625,436212,438260
213.494140625,214.494140625,437236,439284
213.994140625,214.994140625,438260,440308
214.494140625,215.494140625,439284,441332
214.994140625,215.994140625,440308,442356
215.494140625,216.494140625,441332,443380
215.994140625,216.994140625,442356,444404
216.494140625,217.494140625,443380,445428
216.994140625,217.994140625,444404,446452
217.494140625,218.494140625,445428,447476
217.994140625,218.994140625,446452,448500
218.494140625,219.494140625,447476,449524
218.994140625,219.994140625,448500,450548
219.494140625,220.494140625,449524,451572
249.59521484375,250.59521484375,511171,513219
268.52978515625,269.52978515625,549949,551997
269.02978515625,270.02978515625,550973,553021
269.52978515625,270.52978515625,551997,554045
270.02978515625,271.02978515625,553021,555069
270.52978515625,271.52978515625,554045,556093
284.09619140625,285.09619140625,581829,583877
284.59619140625,285.59619140625,582853,584901
285.09619140625,286.09619140625,583877,585925
285.59619140625,286.59619140625,584901,586949
297.8623046875,298.8623046875,610022,612070
298.3623046875,299.3623046875,611046,613094
298.8623046875,299.8623046875,612070,614118
299.3623046875,300.3623046875,613094,615142
299.8623046875,300.8623046875,614118,616166
300.3623046875,301.3623046875,615142,617190
300.8623046875,301.8623046875,616166,618214
301.3623046875,302.3623046875,617190,619238
301.8623046875,302.8623046875,618214,620262
302.3623046875,303.3623046875,619238,621286
302.8623046875,303.8623046875,620262,622310
303.3623046875,304.3623046875,621286,623334
303.8623046875,304.8623046875,622310,624358
304.3623046875,305.3623046875,623334,625382
304.8623046875,305.8623046875,624358,626406
305.3623046875,306.3623046875,625382,627430
305.8623046875,306.8623046875,626406,628454
306.3623046875,307.3623046875,627430,629478
306.8623046875,307.8623046875,628454,630502
307.3623046875,308.3623046875,629478,631526
307.8623046875,308.8623046875,630502,632550
308.3623046875,309.3623046875,631526,633574
308.8623046875,309.8623046875,632550,634598
309.3623046875,310.3623046875,633574,635622
309.8623046875,310.8623046875,634598,636646
310.3623046875,311.3623046875,635622,637670
310.8623046875,311.8623046875,636646,638694
311.3623046875,312.3623046875,637670,639718
311.8623046875,312.8623046875,638694,640742
312.3623046875,313.3623046875,639718,641766
312.8623046875,313.8623046875,640742,642790
313.3623046875,314.3623046875,641766,643814
313.8623046875,314.8623046875,642790,644838
314.3623046875,315.3623046875,643814,645862
314.8623046875,315.8623046875,644838,646886
315.3623046875,316.3623046875,645862,647910
315.8623046875,316.8623046875,646886,648934
316.3623046875,317.3623046875,647910,649958
316.8623046875,317.8623046875,648934,650982
317.3623046875,318.3623046875,649958,652006
317.8623046875,318.8623046875,650982,653030
318.3623046875,319.3623046875,652006,654054
318.8623046875,319.8623046875,653030,655078
319.3623046875,320.3623046875,654054,656102
319.8623046875,320.8623046875,655078,657126
320.3623046875,321.3623046875,656102,658150
320.8623046875,321.8623046875,657126,659174
321.3623046875,322.3623046875,658150,660198
321.8623046875,322.8623046875,659174,661222
322.3623046875,323.3623046875,660198,662246
382.84521484375,383.84521484375,784067,786115
383.34521484375,384.34521484375,785091,787139
383.84521484375,384.84521484375,786115,788163
384.34521484375,385.34521484375,787139,789187
384.84521484375,385.84521484375,788163,790211
385.34521484375,386.34521484375,789187,791235
385.84521484375,386.84521484375,790211,792259
386.34521484375,387.34521484375,791235,793283
386.84521484375,387.84521484375,792259,794307
387.34521484375,388.34521484375,793283,795331
387.84521484375,388.84521484375,794307,796355
388.34521484375,389.34521484375,795331,797379
388.84521484375,389.84521484375,796355,798403
389.34521484375,390.34521484375,797379,799427
389.84521484375,390.84521484375,798403,800451
390.34521484375,391.34521484375,799427,801475
390.84521484375,391.84521484375,800451,802499
391.34521484375,392.34521484375,801475,803523
391.84521484375,392.84521484375,802499,804547
392.34521484375,393.34521484375,803523,805571
392.84521484375,393.84521484375,804547,806595
393.34521484375,394.34521484375,805571,807619
393.84521484375,394.84521484375,806595,808643
394.34521484375,395.34521484375,807619,809667
394.84521484375,395.84521484375,808643,810691
395.34521484375,396.34521484375,809667,811715
395.84521484375,396.84521484375,810691,812739
396.34521484375,397.34521484375,811715,813763
396.84521484375,397.84521484375,812739,814787
397.34521484375,398.34521484375,813763,815811
397.84521484375,398.84521484375,814787,816835
398.34521484375,399.34521484375,815811,817859
398.84521484375,399.84521484375,816835,818883
399.34521484375,400.34521484375,817859,819907
399.84521484375,400.84521484375,818883,820931
400.34521484375,401.34521484375,819907,821955
400.84521484375,401.84521484375,820931,822979
401.34521484375,402.34521484375,821955,824003
401.84521484375,402.84521484375,822979,825027
402.34521484375,403.34521484375,824003,826051
402.84521484375,403.84521484375,825027,827075
403.34521484375,404.34521484375,826051,828099
403.84521484375,404.84521484375,827075,829123
404.34521484375,405.34521484375,828099,830147
404.84521484375,405.84521484375,829123,831171
405.34521484375,406.34521484375,830147,832195
405.84521484375,406.84521484375,831171,833219
406.34521484375,407.34521484375,832195,834243
406.84521484375,407.84521484375,833219,835267
407.34521484375,408.34521484375,834243,836291
407.84521484375,408.84521484375,835267,837315
408.34521484375,409.34521484375,836291,838339
408.84521484375,409.84521484375,837315,839363
409.34521484375,410.34521484375,838339,840387
409.84521484375,410.84521484375,839363,841411
410.34521484375,411.34521484375,840387,842435
410.84521484375,411.84521484375,841411,843459
411.34521484375,412.34521484375,842435,844483
411.84521484375,412.84521484375,843459,845507
412.34521484375,413.34521484375,844483,846531
412.84521484375,413.84521484375,845507,847555
607.86669921875,608.86669921875,1244911,1246959
608.36669921875,609.36669921875,1245935,1247983
608.86669921875,609.86669921875,1246959,1249007
609.36669921875,610.36669921875,1247983,1250031
671.64306640625,672.64306640625,1375525,1377573
672.14306640625,673.14306640625,1376549,1378597
672.64306640625,673.64306640625,1377573,1379621
673.14306640625,674.14306640625,1378597,1380645
673.64306640625,674.64306640625,1379621,1381669
674.14306640625,675.14306640625,1380645,1382693
674.64306640625,675.64306640625,1381669,1383717
675.14306640625,676.14306640625,1382693,1384741
675.64306640625,676.64306640625,1383717,1385765
676.14306640625,677.14306640625,1384741,1386789
676.64306640625,677.64306640625,1385765,1387813
677.14306640625,678.14306640625,1386789,1388837
677.64306640625,678.64306640625,1387813,1389861
678.14306640625,679.14306640625,1388837,1390885
678.64306640625,679.64306640625,1389861,1391909
679.14306640625,680.14306640625,1390885,1392933
679.64306640625,680.64306640625,1391909,1393957
680.14306640625,681.14306640625,1392933,1394981
680.64306640625,681.64306640625,1393957,1396005
681.14306640625,682.14306640625,1394981,1397029
681.64306640625,682.64306640625,1396005,1398053
682.14306640625,683.14306640625,1397029,1399077
682.64306640625,683.64306640625,1398053,1400101
683.14306640625,684.14306640625,1399077,1401125
683.64306640625,684.64306640625,1400101,1402149
684.14306640625,685.14306640625,1401125,1403173
684.64306640625,685.64306640625,1402149,1404197
685.14306640625,686.14306640625,1403173,1405221
685.64306640625,686.64306640625,1404197,1406245
686.14306640625,687.14306640625,1405221,1407269
686.64306640625,687.64306640625,1406245,1408293
687.14306640625,688.14306640625,1407269,1409317
687.64306640625,688.64306640625,1408293,1410341
688.14306640625,689.14306640625,1409317,1411365
688.64306640625,689.64306640625,1410341,1412389
689.14306640625,690.14306640625,1411365,1413413
689.64306640625,690.64306640625,1412389,1414437
690.14306640625,691.14306640625,1413413,1415461
690.64306640625,691.64306640625,1414437,1416485
691.14306640625,692.14306640625,1415461,1417509
691.64306640625,692.64306640625,1416485,1418533
692.14306640625,693.14306640625,1417509,1419557
692.64306640625,693.64306640625,1418533,1420581
693.14306640625,694.14306640625,1419557,1421605
693.64306640625,694.64306640625,1420581,1422629
694.14306640625,695.14306640625,1421605,1423653
694.64306640625,695.64306640625,1422629,1424677
695.14306640625,696.14306640625,1423653,1425701
695.64306640625,696.64306640625,1424677,1426725
696.14306640625,697.14306640625,1425701,1427749
696.64306640625,697.64306640625,1426725,1428773
697.14306640625,698.14306640625,1427749,1429797
697.64306640625,698.64306640625,1428773,1430821
698.14306640625,699.14306640625,1429797,1431845
698.64306640625,699.64306640625,1430821,1432869
699.14306640625,700.14306640625,1431845,1433893
699.64306640625,700.64306640625,1432869,1434917
700.14306640625,701.14306640625,1433893,1435941
700.64306640625,701.64306640625,1434917,1436965
701.14306640625,702.14306640625,1435941,1437989
701.64306640625,702.64306640625,1436965,1439013
702.14306640625,703.14306640625,1437989,1440037
702.64306640625,703.64306640625,1439013,1441061
703.14306640625,704.14306640625,1440037,1442085
703.64306640625,704.64306640625,1441061,1443109
704.14306640625,705.14306640625,1442085,1444133
704.64306640625,705.64306640625,1443109,1445157
705.14306640625,706.14306640625,1444133,1446181
705.64306640625,706.64306640625,1445157,1447205
706.14306640625,707.14306640625,1446181,1448229
706.64306640625,707.64306640625,1447205,1449253
707.14306640625,708.14306640625,1448229,1450277
707.64306640625,708.64306640625,1449253,1451301
708.14306640625,709.14306640625,1450277,1452325
708.64306640625,709.64306640625,1451301,1453349
709.14306640625,710.14306640625,1452325,1454373
709.64306640625,710.64306640625,1453349,1455397
710.14306640625,711.14306640625,1454373,1456421
710.64306640625,711.64306640625,1455397,1457445
711.14306640625,712.14306640625,1456421,1458469
711.64306640625,712.64306640625,1457445,1459493
712.14306640625,713.14306640625,1458469,1460517
712.64306640625,713.64306640625,1459493,1461541
713.14306640625,714.14306640625,1460517,1462565
713.64306640625,714.64306640625,1461541,1463589
714.14306640625,715.14306640625,1462565,1464613
714.64306640625,715.64306640625,1463589,1465637
754.36181640625,755.36181640625,1544933,1546981
754.86181640625,755.86181640625,1545957,1548005
755.36181640625,756.36181640625,1546981,1549029
755.86181640625,756.86181640625,1548005,1550053
756.36181640625,757.36181640625,1549029,1551077
756.86181640625,757.86181640625,1550053,1552101
757.36181640625,758.36181640625,1551077,1553125
757.86181640625,758.86181640625,1552101,1554149
758.36181640625,759.36181640625,1553125,1555173
758.86181640625,759.86181640625,1554149,1556197
759.36181640625,760.36181640625,1555173,1557221
770.15771484375,771.15771484375,1577283,1579331
770.65771484375,771.65771484375,1578307,1580355
771.15771484375,772.15771484375,1579331,1581379
771.65771484375,772.65771484375,1580355,1582403
772.15771484375,773.15771484375,1581379,1583427
772.65771484375,773.65771484375,1582403,1584451
773.15771484375,774.15771484375,1583427,1585475
773.65771484375,774.65771484375,1584451,1586499
774.15771484375,775.15771484375,1585475,1587523
774.65771484375,775.65771484375,1586499,1588547
775.15771484375,776.15771484375,1587523,1589571
775.65771484375,776.65771484375,1588547,1590595
776.15771484375,777.15771484375,1589571,1591619
776.65771484375,777.65771484375,1590595,1592643
777.15771484375,778.15771484375,1591619,1593667
777.65771484375,778.65771484375,1592643,1594691
778.15771484375,779.15771484375,1593667,1595715
778.65771484375,779.65771484375,1594691,1596739
779.15771484375,780.15771484375,1595715,1597763
779.65771484375,780.65771484375,1596739,1598787
780.15771484375,781.15771484375,1597763,1599811
780.65771484375,781.65771484375,1598787,1600835
781.15771484375,782.15771484375,1599811,1601859
781.65771484375,782.65771484375,1600835,1602883
782.15771484375,783.15771484375,1601859,1603907
782.65771484375,783.65771484375,1602883,1604931
783.15771484375,784.15771484375,1603907,1605955
783.65771484375,784.65771484375,1604931,1606979
784.15771484375,785.15771484375,1605955,1608003
784.65771484375,785.65771484375,1606979,1609027
785.15771484375,786.15771484375,1608003,1610051
785.65771484375,786.65771484375,1609027,1611075
786.15771484375,787.15771484375,1610051,1612099
786.65771484375,787.65771484375,1611075,1613123
787.15771484375,788.15771484375,1612099,1614147
797.9619140625,798.9619140625,1634226,1636274
798.4619140625,799.4619140625,1635250,1637298
798.9619140625,799.9619140625,1636274,1638322
799.4619140625,800.4619140625,1637298,1639346
924.0849609375,925.0849609375,1892526,1894574
924.5849609375,925.5849609375,1893550,1895598
925.0849609375,926.0849609375,1894574,1896622
925.5849609375,926.5849609375,1895598,1897646
926.0849609375,927.0849609375,1896622,1898670
926.5849609375,927.5849609375,1897646,1899694
927.0849609375,928.0849609375,1898670,1900718
927.5849609375,928.5849609375,1899694,1901742
928.0849609375,929.0849609375,1900718,1902766
928.5849609375,929.5849609375,1901742,1903790
929.0849609375,930.0849609375,1902766,1904814
949.76220703125,950.76220703125,1945113,1947161
950.26220703125,951.26220703125,1946137,1948185
950.76220703125,951.76220703125,1947161,1949209
951.26220703125,952.26220703125,1948185,1950233
951.76220703125,952.76220703125,1949209,1951257
952.26220703125,953.26220703125,1950233,1952281
952.76220703125,953.76220703125,1951257,1953305
953.26220703125,954.26220703125,1952281,1954329
953.76220703125,954.76220703125,1953305,1955353
954.26220703125,955.26220703125,1954329,1956377
954.76220703125,955.76220703125,1955353,1957401
955.26220703125,956.26220703125,1956377,1958425
955.76220703125,956.76220703125,1957401,1959449
994.96728515625,995.96728515625,2037693,2039741
995.46728515625,996.46728515625,2038717,2040765
995.96728515625,996.96728515625,2039741,2041789
996.46728515625,997.46728515625,2040765,2042813
996.96728515625,997.96728515625,2041789,2043837
997.46728515625,998.46728515625,2042813,2044861
997.96728515625,998.96728515625,2043837,2045885
998.46728515625,999.46728515625,2044861,2046909
998.96728515625,999.96728515625,2045885,2047933
999.46728515625,1000.46728515625,2046909,2048957
999.96728515625,1000.96728515625,2047933,2049981
1000.46728515625,1001.46728515625,2048957,2051005
1000.96728515625,1001.96728515625,2049981,2052029
1001.46728515625,1002.46728515625,2051005,2053053
1001.96728515625,1002.96728515625,2052029,2054077
1002.46728515625,1003.46728515625,2053053,2055101
1002.96728515625,1003.96728515625,2054077,2056125
1003.46728515625,1004.46728515625,2055101,2057149
1003.96728515625,1004.96728515625,2056125,2058173
1004.46728515625,1005.46728515625,2057149,2059197
1004.96728515625,1005.96728515625,2058173,2060221
1005.46728515625,1006.46728515625,2059197,2061245
1005.96728515625,1006.96728515625,2060221,2062269
1006.46728515625,1007.46728515625,2061245,2063293
1006.96728515625,1007.96728515625,2062269,2064317
1007.46728515625,1008.46728515625,2063293,2065341
1007.96728515625,1008.96728515625,2064317,2066365
1008.46728515625,1009.46728515625,2065341,2067389
1008.96728515625,1009.96728515625,2066365,2068413
1009.46728515625,1010.46728515625,2067389,2069437
1009.96728515625,1010.96728515625,2068413,2070461
1010.46728515625,1011.46728515625,2069437,2071485
1010.96728515625,1011.96728515625,2070461,2072509
1011.46728515625,1012.46728515625,2071485,2073533
1011.96728515625,1012.96728515625,2072509,2074557
1012.46728515625,1013.46728515625,2073533,2075581
1012.96728515625,1013.96728515625,2074557,2076605
1013.46728515625,1014.46728515625,2075581,2077629
1013.96728515625,1014.96728515625,2076605,2078653
1014.46728515625,1015.46728515625,2077629,2079677
1014.96728515625,1015.96728515625,2078653,2080701
1240.99365234375,1241.99365234375,2541555,2543603
1241.49365234375,1242.49365234375,2542579,2544627
1241.99365234375,1242.99365234375,2543603,2545651
1242.49365234375,1243.49365234375,2544627,2546675
1242.99365234375,1243.99365234375,2545651,2547699
1243.49365234375,1244.49365234375,2546675,2548723
1252.59228515625,1253.59228515625,2565309,2567357
1253.09228515625,1254.09228515625,2566333,2568381
1253.59228515625,1254.59228515625,2567357,2569405
1254.09228515625,1255.09228515625,2568381,2570429
1254.59228515625,1255.59228515625,2569405,2571453
1255.09228515625,1256.09228515625,2570429,2572477
1255.59228515625,1256.59228515625,2571453,2573501
1256.09228515625,1257.09228515625,2572477,2574525
1256.59228515625,1257.59228515625,2573501,2575549
1257.09228515625,1258.09228515625,2574525,2576573
1257.59228515625,1258.59228515625,2575549,2577597
1258.09228515625,1259.09228515625,2576573,2578621
1258.59228515625,1259.59228515625,2577597,2579645
1259.09228515625,1260.09228515625,2578621,2580669
1259.59228515625,1260.59228515625,2579645,2581693
1260.09228515625,1261.09228515625,2580669,2582717
1260.59228515625,1261.59228515625,2581693,2583741
1261.09228515625,1262.09228515625,2582717,2584765
1261.59228515625,1262.59228515625,2583741,2585789
1262.09228515625,1263.09228515625,2584765,2586813
1262.59228515625,1263.59228515625,2585789,2587837
1263.09228515625,1264.09228515625,2586813,2588861
1263.59228515625,1264.59228515625,2587837,2589885
1264.09228515625,1265.09228515625,2588861,2590909
1264.59228515625,1265.59228515625,2589885,2591933
1265.09228515625,1266.09228515625,2590909,2592957
1265.59228515625,1266.59228515625,2591933,2593981
1266.09228515625,1267.09228515625,2592957,2595005
1266.59228515625,1267.59228515625,2593981,2596029
1267.09228515625,1268.09228515625,2595005,2597053
1267.59228515625,1268.59228515625,2596029,2598077
1268.09228515625,1269.09228515625,2597053,2599101
1268.59228515625,1269.59228515625,2598077,2600125
1269.09228515625,1270.09228515625,2599101,2601149
1269.59228515625,1270.59228515625,2600125,2602173
1270.09228515625,1271.09228515625,2601149,2603197
1270.59228515625,1271.59228515625,2602173,2604221
1271.09228515625,1272.09228515625,2603197,2605245
1271.59228515625,1272.59228515625,2604221,2606269
1272.09228515625,1273.09228515625,2605245,2607293
1272.59228515625,1273.59228515625,2606269,2608317
1273.09228515625,1274.09228515625,2607293,2609341
1307.61279296875,1308.61279296875,2677991,2680039
1308.11279296875,1309.11279296875,2679015,2681063
1308.61279296875,1309.61279296875,2680039,2682087
1309.11279296875,1310.11279296875,2681063,2683111
1309.61279296875,1310.61279296875,2682087,2684135
1310.11279296875,1311.11279296875,2683111,2685159
1310.61279296875,1311.61279296875,2684135,2686183
1311.11279296875,1312.11279296875,2685159,2687207
1311.61279296875,1312.61279296875,2686183,2688231
1312.11279296875,1313.11279296875,2687207,2689255
1312.61279296875,1313.61279296875,2688231,2690279
1313.11279296875,1314.11279296875,2689255,2691303
1313.61279296875,1314.61279296875,2690279,2692327
1314.11279296875,1315.11279296875,2691303,2693351
1314.61279296875,1315.61279296875,2692327,2694375
1315.11279296875,1316.11279296875,2693351,2695399
1315.61279296875,1316.61279296875,2694375,2696423
1316.11279296875,1317.11279296875,2695399,2697447
1316.61279296875,1317.61279296875,2696423,2698471
1317.11279296875,1318.11279296875,2697447,2699495
1317.61279296875,1318.61279296875,2698471,2700519
1318.11279296875,1319.11279296875,2699495,2701543
1318.61279296875,1319.61279296875,2700519,2702567
1319.11279296875,1320.11279296875,2701543,2703591
1319.61279296875,1320.61279296875,2702567,2704615
1320.11279296875,1321.11279296875,2703591,2705639
1320.61279296875,1321.61279296875,2704615,2706663
1321.11279296875,1322.11279296875,2705639,2707687
1321.61279296875,1322.61279296875,2706663,2708711
1322.11279296875,1323.11279296875,2707687,2709735
1322.61279296875,1323.61279296875,2708711,2710759
1323.11279296875,1324.11279296875,2709735,2711783
1323.61279296875,1324.61279296875,2710759,2712807
1324.11279296875,1325.11279296875,2711783,2713831
1324.61279296875,1325.61279296875,2712807,2714855
1325.11279296875,1326.11279296875,2713831,2715879
1325.61279296875,1326.61279296875,2714855,2716903
1326.11279296875,1327.11279296875,2715879,2717927
1326.61279296875,1327.61279296875,2716903,2718951
1327.11279296875,1328.11279296875,2717927,2719975
1327.61279296875,1328.61279296875,2718951,2720999
1328.11279296875,1329.11279296875,2719975,2722023
1336.05908203125,1337.05908203125,2736249,2738297
1336.55908203125,1337.55908203125,2737273,2739321
1337.05908203125,1338.05908203125,2738297,2740345
1337.55908203125,1338.55908203125,2739321,2741369
1338.05908203125,1339.05908203125,2740345,2742393
1338.55908203125,1339.55908203125,2741369,2743417
1339.05908203125,1340.05908203125,2742393,2744441
1339.55908203125,1340.55908203125,2743417,2745465
1340.05908203125,1341.05908203125,2744441,2746489
1340.55908203125,1341.55908203125,2745465,2747513
1341.05908203125,1342.05908203125,2746489,2748537
1341.55908203125,1342.55908203125,2747513,2749561
1342.05908203125,1343.05908203125,2748537,2750585
1342.55908203125,1343.55908203125,2749561,2751609
1343.05908203125,1344.05908203125,2750585,2752633
1343.55908203125,1344.55908203125,2751609,2753657
1344.05908203125,1345.05908203125,2752633,2754681
1344.55908203125,1345.55908203125,2753657,2755705
1345.05908203125,1346.05908203125,2754681,2756729
1345.55908203125,1346.55908203125,2755705,2757753
1346.05908203125,1347.05908203125,2756729,2758777
1346.55908203125,1347.55908203125,2757753,2759801
1347.05908203125,1348.05908203125,2758777,2760825
1347.55908203125,1348.55908203125,2759801,2761849
1348.05908203125,1349.05908203125,2760825,2762873
1348.55908203125,1349.55908203125,2761849,2763897
1349.05908203125,1350.05908203125,2762873,2764921
1349.55908203125,1350.55908203125,2763897,2765945
1350.05908203125,1351.05908203125,2764921,2766969
1350.55908203125,1351.55908203125,2765945,2767993
1351.05908203125,1352.05908203125,2766969,2769017
1351.55908203125,1352.55908203125,2767993,2770041
1352.05908203125,1353.05908203125,2769017,2771065
1352.55908203125,1353.55908203125,2770041,2772089
1353.05908203125,1354.05908203125,2771065,2773113
1353.55908203125,1354.55908203125,2772089,2774137
1354.05908203125,1355.05908203125,2773113,2775161
1354.55908203125,1355.55908203125,2774137,2776185
1355.05908203125,1356.05908203125,2775161,2777209
1355.55908203125,1356.55908203125,2776185,2778233
1356.05908203125,1357.05908203125,2777209,2779257
1356.55908203125,1357.55908203125,2778233,2780281
1357.05908203125,1358.05908203125,2779257,2781305
1357.55908203125,1358.55908203125,2780281,2782329
1358.05908203125,1359.05908203125,2781305,2783353
1358.55908203125,1359.55908203125,2782329,2784377
1359.05908203125,1360.05908203125,2783353,2785401
1359.55908203125,1360.55908203125,2784377,2786425
1360.05908203125,1361.05908203125,2785401,2787449
1360.55908203125,1361.55908203125,2786425,2788473
1361.05908203125,1362.05908203125,2787449,2789497
1361.55908203125,1362.55908203125,2788473,2790521
1362.05908203125,1363.05908203125,2789497,2791545
1362.55908203125,1363.55908203125,2790521,2792569
1363.05908203125,1364.05908203125,2791545,2793593
1363.55908203125,1364.55908203125,2792569,2794617
1364.05908203125,1365.05908203125,2793593,2795641
1364.55908203125,1365.55908203125,2794617,2796665
1365.05908203125,1366.05908203125,2795641,2797689
1365.55908203125,1366.55908203125,2796665,2798713
1366.05908203125,1367.05908203125,2797689,2799737
1366.55908203125,1367.55908203125,2798713,2800761
1367.05908203125,1368.05908203125,2799737,2801785
1367.55908203125,1368.55908203125,2800761,2802809
1368.05908203125,1369.05908203125,2801785,2803833
1368.55908203125,1369.55908203125,2802809,2804857
1369.05908203125,1370.05908203125,2803833,2805881
1369.55908203125,1370.55908203125,2804857,2806905
1370.05908203125,1371.05908203125,2805881,2807929
1370.55908203125,1371.55908203125,2806905,2808953
1371.05908203125,1372.05908203125,2807929,2809977
1371.55908203125,1372.55908203125,2808953,2811001
1372.05908203125,1373.05908203125,2809977,2812025
1372.55908203125,1373.55908203125,2811001,2813049
1373.05908203125,1374.05908203125,2812025,2814073
1373.55908203125,1374.55908203125,2813049,2815097
1374.05908203125,1375.05908203125,2814073,2816121
1374.55908203125,1375.55908203125,2815097,2817145
1375.05908203125,1376.05908203125,2816121,2818169
1375.55908203125,1376.55908203125,2817145,2819193
1376.05908203125,1377.05908203125,2818169,2820217
1376.55908203125,1377.55908203125,2819193,2821241
1377.05908203125,1378.05908203125,2820217,2822265
1377.55908203125,1378.55908203125,2821241,2823289
1378.05908203125,1379.05908203125,2822265,2824313
1378.55908203125,1379.55908203125,2823289,2825337
1379.05908203125,1380.05908203125,2824313,2826361
1379.55908203125,1380.55908203125,2825337,2827385
1380.05908203125,1381.05908203125,2826361,2828409
1380.55908203125,1381.55908203125,2827385,2829433
1381.05908203125,1382.05908203125,2828409,2830457
1381.55908203125,1382.55908203125,2829433,2831481
1382.05908203125,1383.05908203125,2830457,2832505
1382.55908203125,1383.55908203125,2831481,2833529
1383.05908203125,1384.05908203125,2832505,2834553
1383.55908203125,1384.55908203125,2833529,2835577
1384.05908203125,1385.05908203125,2834553,2836601
1384.55908203125,1385.55908203125,2835577,2837625
1385.05908203125,1386.05908203125,2836601,2838649
1385.55908203125,1386.55908203125,2837625,2839673
1386.05908203125,1387.05908203125,2838649,2840697
1386.55908203125,1387.55908203125,2839673,2841721
1387.05908203125,1388.05908203125,2840697,2842745
1387.55908203125,1388.55908203125,2841721,2843769
1388.05908203125,1389.05908203125,2842745,2844793
1388.55908203125,1389.55908203125,2843769,2845817
1389.05908203125,1390.05908203125,2844793,2846841
1389.55908203125,1390.55908203125,2845817,2847865
1390.05908203125,1391.05908203125,2846841,2848889
1390.55908203125,1391.55908203125,2847865,2849913
1391.05908203125,1392.05908203125,2848889,2850937
1391.55908203125,1392.55908203125,2849913,2851961
1392.05908203125,1393.05908203125,2850937,2852985
1392.55908203125,1393.55908203125,2851961,2854009
1393.05908203125,1394.05908203125,2852985,2855033
1393.55908203125,1394.55908203125,2854009,2856057
1394.05908203125,1395.05908203125,2855033,2857081
1394.55908203125,1395.55908203125,2856057,2858105
1395.05908203125,1396.05908203125,2857081,2859129
1395.55908203125,1396.55908203125,2858105,2860153
1396.05908203125,1397.05908203125,2859129,2861177
1396.55908203125,1397.55908203125,2860153,2862201
1397.05908203125,1398.05908203125,2861177,2863225
1397.55908203125,1398.55908203125,2862201,2864249
1398.05908203125,1399.05908203125,2863225,2865273
1398.55908203125,1399.55908203125,2864249,2866297
1399.05908203125,1400.05908203125,2865273,2867321
1399.55908203125,1400.55908203125,2866297,2868345
1400.05908203125,1401.05908203125,2867321,2869369
1400.55908203125,1401.55908203125,2868345,2870393
1401.05908203125,1402.05908203125,2869369,2871417
1401.55908203125,1402.55908203125,2870393,2872441
1402.05908203125,1403.05908203125,2871417,2873465
1402.55908203125,1403.55908203125,2872441,2874489
1403.05908203125,1404.05908203125,2873465,2875513
1403.55908203125,1404.55908203125,2874489,2876537
1404.05908203125,1405.05908203125,2875513,2877561
1404.55908203125,1405.55908203125,2876537,2878585
1405.05908203125,1406.05908203125,2877561,2879609
1405.55908203125,1406.55908203125,2878585,2880633
1406.05908203125,1407.05908203125,2879609,2881657
1406.55908203125,1407.55908203125,2880633,2882681
1407.05908203125,1408.05908203125,2881657,2883705
1407.55908203125,1408.55908203125,2882681,2884729
1408.05908203125,1409.05908203125,2883705,2885753
1408.55908203125,1409.55908203125,2884729,2886777
1409.05908203125,1410.05908203125,2885753,2887801
1409.55908203125,1410.55908203125,2886777,2888825
1410.05908203125,1411.05908203125,2887801,2889849
1410.55908203125,1411.55908203125,2888825,2890873
1411.05908203125,1412.05908203125,2889849,2891897
1411.55908203125,1412.55908203125,2890873,2892921
1412.05908203125,1413.05908203125,2891897,2893945
1412.55908203125,1413.55908203125,2892921,2894969
1413.05908203125,1414.05908203125,2893945,2895993
1413.55908203125,1414.55908203125,2894969,2897017
1414.05908203125,1415.05908203125,2895993,2898041
1414.55908203125,1415.55908203125,2897017,2899065
1415.05908203125,1416.05908203125,2898041,2900089
1415.55908203125,1416.55908203125,2899065,2901113
1416.05908203125,1417.05908203125,2900089,2902137
1416.55908203125,1417.55908203125,2901113,2903161
1417.05908203125,1418.05908203125,2902137,2904185
1417.55908203125,1418.55908203125,2903161,2905209
1418.05908203125,1419.05908203125,2904185,2906233
1418.55908203125,1419.55908203125,2905209,2907257
1419.05908203125,1420.05908203125,2906233,2908281
1419.55908203125,1420.55908203125,2907257,2909305
1420.05908203125,1421.05908203125,2908281,2910329
1420.55908203125,1421.55908203125,2909305,2911353
1421.05908203125,1422.05908203125,2910329,2912377
1421.55908203125,1422.55908203125,2911353,2913401
1422.05908203125,1423.05908203125,2912377,2914425
1422.55908203125,1423.55908203125,2913401,2915449
1423.05908203125,1424.05908203125,2914425,2916473
1423.55908203125,1424.55908203125,2915449,2917497
1424.05908203125,1425.05908203125,2916473,2918521
1424.55908203125,1425.55908203125,2917497,2919545
1425.05908203125,1426.05908203125,2918521,2920569
1425.55908203125,1426.55908203125,2919545,2921593
1426.05908203125,1427.05908203125,2920569,2922617
1426.55908203125,1427.55908203125,2921593,2923641
1427.05908203125,1428.05908203125,2922617,2924665
1427.55908203125,1428.55908203125,2923641,2925689
1514.68359375,1515.68359375,3102072,3104120
1515.18359375,1516.18359375,3103096,3105144
1515.68359375,1516.68359375,3104120,3106168
1516.18359375,1517.18359375,3105144,3107192
1516.68359375,1517.68359375,3106168,3108216
1517.18359375,1518.18359375,3107192,3109240
1517.68359375,1518.68359375,3108216,3110264
1518.18359375,1519.18359375,3109240,3111288
1518.68359375,1519.68359375,3110264,3112312
1519.18359375,1520.18359375,3111288,3113336
1519.68359375,1520.68359375,3112312,3114360
1520.18359375,1521.18359375,3113336,3115384
1520.68359375,1521.68359375,3114360,3116408
1552.49609375,1553.49609375,3179512,3181560
1552.99609375,1553.99609375,3180536,3182584
1553.49609375,1554.49609375,3181560,3183608
1553.99609375,1554.99609375,3182584,3184632
1554.49609375,1555.49609375,3183608,3185656
1554.99609375,1555.99609375,3184632,3186680
1572.94140625,1573.94140625,3221384,3223432
1638.2138671875,1639.2138671875,3355062,3357110
1658.91845703125,1659.91845703125,3397465,3399513
1659.41845703125,1660.41845703125,3398489,3400537
1659.91845703125,1660.91845703125,3399513,3401561
1660.41845703125,1661.41845703125,3400537,3402585
1660.91845703125,1661.91845703125,3401561,3403609
1661.41845703125,1662.41845703125,3402585,3404633
1661.91845703125,1662.91845703125,3403609,3405657
1688.05419921875,1689.05419921875,3457135,3459183
1701.5673828125,1702.5673828125,3484810,3486858
1702.0673828125,1703.0673828125,3485834,3487882
1702.5673828125,1703.5673828125,3486858,3488906
1703.0673828125,1704.0673828125,3487882,3489930
1703.5673828125,1704.5673828125,3488906,3490954
1704.0673828125,1705.0673828125,3489930,3491978
1704.5673828125,1705.5673828125,3490954,3493002
1705.0673828125,1706.0673828125,3491978,3494026
1705.5673828125,1706.5673828125,3493002,3495050
1706.0673828125,1707.0673828125,3494026,3496074
1706.5673828125,1707.5673828125,3495050,3497098
1707.0673828125,1708.0673828125,3496074,3498122
1707.5673828125,1708.5673828125,3497098,3499146
1708.0673828125,1709.0673828125,3498122,3500170
1708.5673828125,1709.5673828125,3499146,3501194
1709.0673828125,1710.0673828125,3500170,3502218
1709.5673828125,1710.5673828125,3501194,3503242
1710.0673828125,1711.0673828125,3502218,3504266
1710.5673828125,1711.5673828125,3503242,3505290
1711.0673828125,1712.0673828125,3504266,3506314
1711.5673828125,1712.5673828125,3505290,3507338
1712.0673828125,1713.0673828125,3506314,3508362
1712.5673828125,1713.5673828125,3507338,3509386
1713.0673828125,1714.0673828125,3508362,3510410
1713.5673828125,1714.5673828125,3509386,3511434
1714.0673828125,1715.0673828125,3510410,3512458
1714.5673828125,1715.5673828125,3511434,3513482
1715.0673828125,1716.0673828125,3512458,3514506
1715.5673828125,1716.5673828125,3513482,3515530
1716.0673828125,1717.0673828125,3514506,3516554
1716.5673828125,1717.5673828125,3515530,3517578
1734.55419921875,1735.55419921875,3552367,3554415
1735.05419921875,1736.05419921875,3553391,3555439
1735.55419921875,1736.55419921875,3554415,3556463
1745.7900390625,1746.7900390625,3575378,3577426
1746.2900390625,1747.2900390625,3576402,3578450
1746.7900390625,1747.7900390625,3577426,3579474
1747.2900390625,1748.2900390625,3578450,3580498
1747.7900390625,1748.7900390625,3579474,3581522
1748.2900390625,1749.2900390625,3580498,3582546
1748.7900390625,1749.7900390625,3581522,3583570
1749.2900390625,1750.2900390625,3582546,3584594
1749.7900390625,1750.7900390625,3583570,3585618
1750.2900390625,1751.2900390625,3584594,3586642
1750.7900390625,1751.7900390625,3585618,3587666
1751.2900390625,1752.2900390625,3586642,3588690
1751.7900390625,1752.7900390625,3587666,3589714
1752.2900390625,1753.2900390625,3588690,3590738
1752.7900390625,1753.7900390625,3589714,3591762
1753.2900390625,1754.2900390625,3590738,3592786
1753.7900390625,1754.7900390625,3591762,3593810
1754.2900390625,1755.2900390625,3592786,3594834
1754.7900390625,1755.7900390625,3593810,3595858
1755.2900390625,1756.2900390625,3594834,3596882
1755.7900390625,1756.7900390625,3595858,3597906
1756.2900390625,1757.2900390625,3596882,3598930
1756.7900390625,1757.7900390625,3597906,3599954
1757.2900390625,1758.2900390625,3598930,3600978
1757.7900390625,1758.7900390625,3599954,3602002
1758.2900390625,1759.2900390625,3600978,3603026
1758.7900390625,1759.7900390625,3602002,3604050
1874.67236328125,1875.67236328125,3839329,3841377
1875.17236328125,1876.17236328125,3840353,3842401
1875.67236328125,1876.67236328125,3841377,3843425
1876.17236328125,1877.17236328125,3842401,3844449
1876.67236328125,1877.67236328125,3843425,3845473
1877.17236328125,1878.17236328125,3844449,3846497
1877.67236328125,1878.67236328125,3845473,3847521
1878.17236328125,1879.17236328125,3846497,3848545
1878.67236328125,1879.67236328125,3847521,3849569
1879.17236328125,1880.17236328125,3848545,3850593
1879.67236328125,1880.67236328125,3849569,3851617
1880.17236328125,1881.17236328125,3850593,3852641
1880.67236328125,1881.67236328125,3851617,3853665
1881.17236328125,1882.17236328125,3852641,3854689
1881.67236328125,1882.67236328125,3853665,3855713
1882.17236328125,1883.17236328125,3854689,3856737
1882.67236328125,1883.67236328125,3855713,3857761
1883.17236328125,1884.17236328125,3856737,3858785
1904.42529296875,1905.42529296875,3900263,3902311
1904.92529296875,1905.92529296875,3901287,3903335
1905.42529296875,1906.42529296875,3902311,3904359
1905.92529296875,1906.92529296875,3903335,3905383
1906.42529296875,1907.42529296875,3904359,3906407
1906.92529296875,1907.92529296875,3905383,3907431
1907.42529296875,1908.42529296875,3906407,3908455
1907.92529296875,1908.92529296875,3907431,3909479
1908.42529296875,1909.42529296875,3908455,3910503
1908.92529296875,1909.92529296875,3909479,3911527
1909.42529296875,1910.42529296875,3910503,3912551
1909.92529296875,1910.92529296875,3911527,3913575
1963.08349609375,1964.08349609375,4020395,4022443
1963.58349609375,1964.58349609375,4021419,4023467
1964.08349609375,1965.08349609375,4022443,4024491
1974.1044921875,1975.1044921875,4042966,4045014
1974.6044921875,1975.6044921875,4043990,4046038
1975.1044921875,1976.1044921875,4045014,4047062
1990.43798828125,1991.43798828125,4076417,4078465
1990.93798828125,1991.93798828125,4077441,4079489
1991.43798828125,1992.43798828125,4078465,4080513
1991.93798828125,1992.93798828125,4079489,4081537
1992.43798828125,1993.43798828125,4080513,4082561
1992.93798828125,1993.93798828125,4081537,4083585
1993.43798828125,1994.43798828125,4082561,4084609
1993.93798828125,1994.93798828125,4083585,4085633
2020.16796875,2021.16796875,4137304,4139352
2020.66796875,2021.66796875,4138328,4140376
2021.16796875,2022.16796875,4139352,4141400
2021.66796875,2022.66796875,4140376,4142424
2022.16796875,2023.16796875,4141400,4143448
2022.66796875,2023.66796875,4142424,4144472
2023.16796875,2024.16796875,4143448,4145496
2023.66796875,2024.66796875,4144472,4146520
2024.16796875,2025.16796875,4145496,4147544
2024.66796875,2025.66796875,4146520,4148568
2025.16796875,2026.16796875,4147544,4149592
2025.66796875,2026.66796875,4148568,4150616
2026.16796875,2027.16796875,4149592,4151640
2026.66796875,2027.66796875,4150616,4152664
2027.16796875,2028.16796875,4151640,4153688
2027.66796875,2028.66796875,4152664,4154712
2028.16796875,2029.16796875,4153688,4155736
2028.66796875,2029.66796875,4154712,4156760
2029.16796875,2030.16796875,4155736,4157784
2029.66796875,2030.66796875,4156760,4158808
2030.16796875,2031.16796875,4157784,4159832
2030.66796875,2031.66796875,4158808,4160856
2031.16796875,2032.16796875,4159832,4161880
2031.66796875,2032.66796875,4160856,4162904
2032.16796875,2033.16796875,4161880,4163928
2032.66796875,2033.66796875,4162904,4164952
2033.16796875,2034.16796875,4163928,4165976
2033.66796875,2034.66796875,4164952,4167000
2034.16796875,2035.16796875,4165976,4168024
2034.66796875,2035.66796875,4167000,4169048
2035.16796875,2036.16796875,4168024,4170072
2175.2490234375,2176.2490234375,4454910,4456958
2175.7490234375,2176.7490234375,4455934,4457982
2176.2490234375,2177.2490234375,4456958,4459006
2176.7490234375,2177.7490234375,4457982,4460030
2177.2490234375,2178.2490234375,4459006,4461054
2177.7490234375,2178.7490234375,4460030,4462078
2178.2490234375,2179.2490234375,4461054,4463102
2178.7490234375,2179.7490234375,4462078,4464126
2179.2490234375,2180.2490234375,4463102,4465150
2179.7490234375,2180.7490234375,4464126,4466174
2180.2490234375,2181.2490234375,4465150,4467198
2180.7490234375,2181.7490234375,4466174,4468222
2181.2490234375,2182.2490234375,4467198,4469246
2181.7490234375,2182.7490234375,4468222,4470270
2182.2490234375,2183.2490234375,4469246,4471294
2193.25634765625,2194.25634765625,4491789,4493837
2193.75634765625,2194.75634765625,4492813,4494861
2194.25634765625,2195.25634765625,4493837,4495885
2194.75634765625,2195.75634765625,4494861,4496909
2195.25634765625,2196.25634765625,4495885,4497933
2195.75634765625,2196.75634765625,4496909,4498957
2196.25634765625,2197.25634765625,4497933,4499981
2196.75634765625,2197.75634765625,4498957,4501005
2197.25634765625,2198.25634765625,4499981,4502029
2197.75634765625,2198.75634765625,4501005,4503053
2198.25634765625,2199.25634765625,4502029,4504077
2198.75634765625,2199.75634765625,4503053,4505101
2199.25634765625,2200.25634765625,4504077,4506125
2199.75634765625,2200.75634765625,4505101,4507149
2200.25634765625,2201.25634765625,4506125,4508173
2200.75634765625,2201.75634765625,4507149,4509197
2201.25634765625,2202.25634765625,4508173,4510221
2201.75634765625,2202.75634765625,4509197,4511245
2202.25634765625,2203.25634765625,4510221,4512269
2202.75634765625,2203.75634765625,4511245,4513293
2203.25634765625,2204.25634765625,4512269,4514317
2203.75634765625,2204.75634765625,4513293,4515341
2204.25634765625,2205.25634765625,4514317,4516365
2204.75634765625,2205.75634765625,4515341,4517389
2205.25634765625,2206.25634765625,4516365,4518413
2205.75634765625,2206.75634765625,4517389,4519437
2206.25634765625,2207.25634765625,4518413,4520461
2206.75634765625,2207.75634765625,4519437,4521485
2207.25634765625,2208.25634765625,4520461,4522509
2207.75634765625,2208.75634765625,4521485,4523533
2208.25634765625,2209.25634765625,4522509,4524557
2208.75634765625,2209.75634765625,4523533,4525581
2209.25634765625,2210.25634765625,4524557,4526605
2209.75634765625,2210.75634765625,4525581,4527629
2253.66015625,2254.66015625,4615496,4617544
2254.16015625,2255.16015625,4616520,4618568
2254.66015625,2255.66015625,4617544,4619592
2255.16015625,2256.16015625,4618568,4620616
2262.82666015625,2263.82666015625,4634269,4636317
2263.32666015625,2264.32666015625,4635293,4637341
2263.82666015625,2264.82666015625,4636317,4638365
2264.32666015625,2265.32666015625,4637341,4639389
2264.82666015625,2265.82666015625,4638365,4640413
2265.32666015625,2266.32666015625,4639389,4641437
2265.82666015625,2266.82666015625,4640413,4642461
2266.32666015625,2267.32666015625,4641437,4643485
2266.82666015625,2267.82666015625,4642461,4644509
2267.32666015625,2268.32666015625,4643485,4645533
2267.82666015625,2268.82666015625,4644509,4646557
2268.32666015625,2269.32666015625,4645533,4647581
2268.82666015625,2269.82666015625,4646557,4648605
2269.32666015625,2270.32666015625,4647581,4649629
2269.82666015625,2270.82666015625,4648605,4650653
2270.32666015625,2271.32666015625,4649629,4651677
2270.82666015625,2271.82666015625,4650653,4652701
2271.32666015625,2272.32666015625,4651677,4653725
2271.82666015625,2272.82666015625,4652701,4654749
2272.32666015625,2273.32666015625,4653725,4655773
2272.82666015625,2273.82666015625,4654749,4656797
2273.32666015625,2274.32666015625,4655773,4657821
2282.75830078125,2283.75830078125,4675089,4677137
2283.25830078125,2284.25830078125,4676113,4678161
2283.75830078125,2284.75830078125,4677137,4679185
2284.25830078125,2285.25830078125,4678161,4680209
2284.75830078125,2285.75830078125,4679185,4681233
2285.25830078125,2286.25830078125,4680209,4682257
2302.8251953125,2303.8251953125,4716186,4718234
2303.3251953125,2304.3251953125,4717210,4719258
2322.41552734375,2323.41552734375,4756307,4758355
2322.91552734375,2323.91552734375,4757331,4759379
2323.41552734375,2324.41552734375,4758355,4760403
2323.91552734375,2324.91552734375,4759379,4761427
2324.41552734375,2325.41552734375,4760403,4762451
2324.91552734375,2325.91552734375,4761427,4763475
2325.41552734375,2326.41552734375,4762451,4764499
2325.91552734375,2326.91552734375,4763475,4765523
2326.41552734375,2327.41552734375,4764499,4766547
2326.91552734375,2327.91552734375,4765523,4767571
2327.41552734375,2328.41552734375,4766547,4768595
2327.91552734375,2328.91552734375,4767571,4769619
2328.41552734375,2329.41552734375,4768595,4770643
2328.91552734375,2329.91552734375,4769619,4771667
2329.41552734375,2330.41552734375,4770643,4772691
2329.91552734375,2330.91552734375,4771667,4773715
2330.41552734375,2331.41552734375,4772691,4774739
2330.91552734375,2331.91552734375,4773715,4775763
2331.41552734375,2332.41552734375,4774739,4776787
2331.91552734375,2332.91552734375,4775763,4777811
2332.41552734375,2333.41552734375,4776787,4778835
2332.91552734375,2333.91552734375,4777811,4779859
2333.41552734375,2334.41552734375,4778835,4780883
2333.91552734375,2334.91552734375,4779859,4781907
2334.41552734375,2335.41552734375,4780883,4782931
2349.08642578125,2350.08642578125,4810929,4812977
2349.58642578125,2350.58642578125,4811953,4814001
2350.08642578125,2351.08642578125,4812977,4815025
2350.58642578125,2351.58642578125,4814001,4816049
2351.08642578125,2352.08642578125,4815025,4817073
2351.58642578125,2352.58642578125,4816049,4818097
2352.08642578125,2353.08642578125,4817073,4819121
2352.58642578125,2353.58642578125,4818097,4820145
2353.08642578125,2354.08642578125,4819121,4821169
2353.58642578125,2354.58642578125,4820145,4822193
2412.56982421875,2413.56982421875,4940943,4942991
2413.06982421875,2414.06982421875,4941967,4944015
2413.56982421875,2414.56982421875,4942991,4945039
2414.06982421875,2415.06982421875,4944015,4946063
2414.56982421875,2415.56982421875,4945039,4947087
2415.06982421875,2416.06982421875,4946063,4948111
2415.56982421875,2416.56982421875,4947087,4949135
2416.06982421875,2417.06982421875,4948111,4950159
2416.56982421875,2417.56982421875,4949135,4951183
2417.06982421875,2418.06982421875,4950159,4952207
2417.56982421875,2418.56982421875,4951183,4953231
2418.06982421875,2419.06982421875,4952207,4954255
2418.56982421875,2419.56982421875,4953231,4955279
2419.06982421875,2420.06982421875,4954255,4956303
2419.56982421875,2420.56982421875,4955279,4957327
2420.06982421875,2421.06982421875,4956303,4958351
2420.56982421875,2421.56982421875,4957327,4959375
2421.06982421875,2422.06982421875,4958351,4960399
2421.56982421875,2422.56982421875,4959375,4961423
2422.06982421875,2423.06982421875,4960399,4962447
2422.56982421875,2423.56982421875,4961423,4963471
2423.06982421875,2424.06982421875,4962447,4964495
2455.8720703125,2456.8720703125,5029626,5031674
2456.3720703125,2457.3720703125,5030650,5032698
2456.8720703125,2457.8720703125,5031674,5033722
2457.3720703125,2458.3720703125,5032698,5034746
2457.8720703125,2458.8720703125,5033722,5035770
2458.3720703125,2459.3720703125,5034746,5036794
2458.8720703125,2459.8720703125,5035770,5037818
2459.3720703125,2460.3720703125,5036794,5038842
2459.8720703125,2460.8720703125,5037818,5039866
2460.3720703125,2461.3720703125,5038842,5040890
2460.8720703125,2461.8720703125,5039866,5041914
2461.3720703125,2462.3720703125,5040890,5042938
2461.8720703125,2462.8720703125,5041914,5043962
2462.3720703125,2463.3720703125,5042938,5044986
2462.8720703125,2463.8720703125,5043962,5046010
2463.3720703125,2464.3720703125,5044986,5047034
2463.8720703125,2464.8720703125,5046010,5048058
2464.3720703125,2465.3720703125,5047034,5049082
2558.8115234375,2559.8115234375,5240446,5242494
2559.3115234375,2560.3115234375,5241470,5243518
2559.8115234375,2560.8115234375,5242494,5244542
2560.3115234375,2561.3115234375,5243518,5245566
2560.8115234375,2561.8115234375,5244542,5246590
2561.3115234375,2562.3115234375,5245566,5247614
2561.8115234375,2562.8115234375,5246590,5248638
2562.3115234375,2563.3115234375,5247614,5249662
2562.8115234375,2563.8115234375,5248638,5250686
2563.3115234375,2564.3115234375,5249662,5251710
2563.8115234375,2564.8115234375,5250686,5252734
2564.3115234375,2565.3115234375,5251710,5253758
2564.8115234375,2565.8115234375,5252734,5254782
2565.3115234375,2566.3115234375,5253758,5255806
2565.8115234375,2566.8115234375,5254782,5256830
2582.2158203125,2583.2158203125,5288378,5290426
2582.7158203125,2583.7158203125,5289402,5291450
2583.2158203125,2584.2158203125,5290426,5292474
2583.7158203125,2584.7158203125,5291450,5293498
2584.2158203125,2585.2158203125,5292474,5294522
2584.7158203125,2585.7158203125,5293498,5295546
2585.2158203125,2586.2158203125,5294522,5296570
2585.7158203125,2586.7158203125,5295546,5297594
2586.2158203125,2587.2158203125,5296570,5298618
2586.7158203125,2587.7158203125,5297594,5299642
2587.2158203125,2588.2158203125,5298618,5300666
2587.7158203125,2588.7158203125,5299642,5301690
2588.2158203125,2589.2158203125,5300666,5302714
2597.5595703125,2598.5595703125,5319802,5321850
2598.0595703125,2599.0595703125,5320826,5322874
2598.5595703125,2599.5595703125,5321850,5323898
2599.0595703125,2600.0595703125,5322874,5324922
2599.5595703125,2600.5595703125,5323898,5325946
2600.0595703125,2601.0595703125,5324922,5326970
2600.5595703125,2601.5595703125,5325946,5327994
2601.0595703125,2602.0595703125,5326970,5329018
2611.7265625,2612.7265625,5348816,5350864
2612.2265625,2613.2265625,5349840,5351888
2612.7265625,2613.7265625,5350864,5352912
2613.2265625,2614.2265625,5351888,5353936
2613.7265625,2614.7265625,5352912,5354960
2614.2265625,2615.2265625,5353936,5355984
2614.7265625,2615.7265625,5354960,5357008
2615.2265625,2616.2265625,5355984,5358032
2615.7265625,2616.7265625,5357008,5359056
2616.2265625,2617.2265625,5358032,5360080
2616.7265625,2617.7265625,5359056,5361104
2617.2265625,2618.2265625,5360080,5362128
2617.7265625,2618.7265625,5361104,5363152
2618.2265625,2619.2265625,5362128,5364176
2618.7265625,2619.7265625,5363152,5365200
2619.2265625,2620.2265625,5364176,5366224
2619.7265625,2620.7265625,5365200,5367248
2620.2265625,2621.2265625,5366224,5368272
2620.7265625,2621.7265625,5367248,5369296
2621.2265625,2622.2265625,5368272,5370320
2621.7265625,2622.7265625,5369296,5371344
2622.2265625,2623.2265625,5370320,5372368
2622.7265625,2623.7265625,5371344,5373392
2623.2265625,2624.2265625,5372368,5374416
2623.7265625,2624.7265625,5373392,5375440
2624.2265625,2625.2265625,5374416,5376464
2624.7265625,2625.7265625,5375440,5377488
2625.2265625,2626.2265625,5376464,5378512
2625.7265625,2626.7265625,5377488,5379536
2626.2265625,2627.2265625,5378512,5380560
2626.7265625,2627.7265625,5379536,5381584
2627.2265625,2628.2265625,5380560,5382608
2627.7265625,2628.7265625,5381584,5383632
2628.2265625,2629.2265625,5382608,5384656
2628.7265625,2629.7265625,5383632,5385680
2629.2265625,2630.2265625,5384656,5386704
2629.7265625,2630.7265625,5385680,5387728
2630.2265625,2631.2265625,5386704,5388752
2630.7265625,2631.7265625,5387728,5389776
2631.2265625,2632.2265625,5388752,5390800
2631.7265625,2632.7265625,5389776,5391824
2632.2265625,2633.2265625,5390800,5392848
2632.7265625,2633.7265625,5391824,5393872
2633.2265625,2634.2265625,5392848,5394896
2633.7265625,2634.7265625,5393872,5395920
2634.2265625,2635.2265625,5394896,5396944
2634.7265625,2635.7265625,5395920,5397968
2635.2265625,2636.2265625,5396944,5398992
2635.7265625,2636.7265625,5397968,5400016
2636.2265625,2637.2265625,5398992,5401040
2636.7265625,2637.7265625,5400016,5402064
2637.2265625,2638.2265625,5401040,5403088
2645.12841796875,2646.12841796875,5417223,5419271
2645.62841796875,2646.62841796875,5418247,5420295
2646.12841796875,2647.12841796875,5419271,5421319
2646.62841796875,2647.62841796875,5420295,5422343
2647.12841796875,2648.12841796875,5421319,5423367
2647.62841796875,2648.62841796875,5422343,5424391
2648.12841796875,2649.12841796875,5423367,5425415
2648.62841796875,2649.62841796875,5424391,5426439
2649.12841796875,2650.12841796875,5425415,5427463
2649.62841796875,2650.62841796875,5426439,5428487
2650.12841796875,2651.12841796875,5427463,5429511
2739.1240234375,2740.1240234375,5609726,5611774
2739.6240234375,2740.6240234375,5610750,5612798
2740.1240234375,2741.1240234375,5611774,5613822
2740.6240234375,2741.6240234375,5612798,5614846
2741.1240234375,2742.1240234375,5613822,5615870
2741.6240234375,2742.6240234375,5614846,5616894
2742.1240234375,2743.1240234375,5615870,5617918
2742.6240234375,2743.6240234375,5616894,5618942
2743.1240234375,2744.1240234375,5617918,5619966
2756.7265625,2757.7265625,5645776,5647824
2757.2265625,2758.2265625,5646800,5648848
2757.7265625,2758.7265625,5647824,5649872
2758.2265625,2759.2265625,5648848,5650896
2758.7265625,2759.7265625,5649872,5651920
2759.2265625,2760.2265625,5650896,5652944
2759.7265625,2760.7265625,5651920,5653968
2760.2265625,2761.2265625,5652944,5654992
2760.7265625,2761.7265625,5653968,5656016
2761.2265625,2762.2265625,5654992,5657040
2761.7265625,2762.7265625,5656016,5658064
2762.2265625,2763.2265625,5657040,5659088
2762.7265625,2763.7265625,5658064,5660112
2815.216796875,2816.216796875,5765564,5767612
2815.716796875,2816.716796875,5766588,5768636
2816.216796875,2817.216796875,5767612,5769660
2816.716796875,2817.716796875,5768636,5770684
2817.216796875,2818.216796875,5769660,5771708
2817.716796875,2818.716796875,5770684,5772732
2818.216796875,2819.216796875,5771708,5773756
2818.716796875,2819.716796875,5772732,5774780
2819.216796875,2820.216796875,5773756,5775804
2819.716796875,2820.716796875,5774780,5776828
2820.216796875,2821.216796875,5775804,5777852
2820.716796875,2821.716796875,5776828,5778876
2821.216796875,2822.216796875,5777852,5779900
2821.716796875,2822.716796875,5778876,5780924
2822.216796875,2823.216796875,5779900,5781948
2822.716796875,2823.716796875,5780924,5782972
2823.216796875,2824.216796875,5781948,5783996
2823.716796875,2824.716796875,5782972,5785020
2835.01123046875,2836.01123046875,5806103,5808151
2835.51123046875,2836.51123046875,5807127,5809175
2836.01123046875,2837.01123046875,5808151,5810199
2836.51123046875,2837.51123046875,5809175,5811223
2837.01123046875,2838.01123046875,5810199,5812247
2837.51123046875,2838.51123046875,5811223,5813271
2838.01123046875,2839.01123046875,5812247,5814295
2838.51123046875,2839.51123046875,5813271,5815319
2839.01123046875,2840.01123046875,5814295,5816343
2839.51123046875,2840.51123046875,5815319,5817367
2840.01123046875,2841.01123046875,5816343,5818391
2840.51123046875,2841.51123046875,5817367,5819415
2841.01123046875,2842.01123046875,5818391,5820439
2841.51123046875,2842.51123046875,5819415,5821463
2842.01123046875,2843.01123046875,5820439,5822487
2842.51123046875,2843.51123046875,5821463,5823511
2843.01123046875,2844.01123046875,5822487,5824535
2843.51123046875,2844.51123046875,5823511,5825559
2844.01123046875,2845.01123046875,5824535,5826583
2844.51123046875,2845.51123046875,5825559,5827607
2845.01123046875,2846.01123046875,5826583,5828631
2845.51123046875,2846.51123046875,5827607,5829655
2846.01123046875,2847.01123046875,5828631,5830679
2846.51123046875,2847.51123046875,5829655,5831703
2847.01123046875,2848.01123046875,5830679,5832727
2847.51123046875,2848.51123046875,5831703,5833751
2848.01123046875,2849.01123046875,5832727,5834775
2863.6669921875,2864.6669921875,5864790,5866838
2864.1669921875,2865.1669921875,5865814,5867862
2864.6669921875,2865.6669921875,5866838,5868886
2865.1669921875,2866.1669921875,5867862,5869910
2865.6669921875,2866.6669921875,5868886,5870934
2866.1669921875,2867.1669921875,5869910,5871958
2866.6669921875,2867.6669921875,5870934,5872982
2867.1669921875,2868.1669921875,5871958,5874006
2867.6669921875,2868.6669921875,5872982,5875030
2868.1669921875,2869.1669921875,5874006,5876054
2868.6669921875,2869.6669921875,5875030,5877078
2869.1669921875,2870.1669921875,5876054,5878102
2869.6669921875,2870.6669921875,5877078,5879126
2870.1669921875,2871.1669921875,5878102,5880150
2870.6669921875,2871.6669921875,5879126,5881174
2871.1669921875,2872.1669921875,5880150,5882198
2871.6669921875,2872.6669921875,5881174,5883222
2872.1669921875,2873.1669921875,5882198,5884246
2872.6669921875,2873.6669921875,5883222,5885270
2873.1669921875,2874.1669921875,5884246,5886294
2873.6669921875,2874.6669921875,5885270,5887318
2874.1669921875,2875.1669921875,5886294,5888342
2874.6669921875,2875.6669921875,5887318,5889366
2875.1669921875,2876.1669921875,5888342,5890390
2875.6669921875,2876.6669921875,5889366,5891414
2876.1669921875,2877.1669921875,5890390,5892438
2876.6669921875,2877.6669921875,5891414,5893462
2877.1669921875,2878.1669921875,5892438,5894486
2877.6669921875,2878.6669921875,5893462,5895510
2878.1669921875,2879.1669921875,5894486,5896534
2878.6669921875,2879.6669921875,5895510,5897558
2879.1669921875,2880.1669921875,5896534,5898582
2879.6669921875,2880.6669921875,5897558,5899606
2880.1669921875,2881.1669921875,5898582,5900630
2880.6669921875,2881.6669921875,5899606,5901654
2935.29833984375,2936.29833984375,6011491,6013539
2935.79833984375,2936.79833984375,6012515,6014563
2936.29833984375,2937.29833984375,6013539,6015587
2936.79833984375,2937.79833984375,6014563,6016611
2937.29833984375,2938.29833984375,6015587,6017635
2937.79833984375,2938.79833984375,6016611,6018659
2938.29833984375,2939.29833984375,6017635,6019683
2938.79833984375,2939.79833984375,6018659,6020707
2939.29833984375,2940.29833984375,6019683,6021731
2939.79833984375,2940.79833984375,6020707,6022755
2940.29833984375,2941.29833984375,6021731,6023779
2940.79833984375,2941.79833984375,6022755,6024803
2941.29833984375,2942.29833984375,6023779,6025827
2941.79833984375,2942.79833984375,6024803,6026851
2942.29833984375,2943.29833984375,6025827,6027875
2942.79833984375,2943.79833984375,6026851,6028899
2943.29833984375,2944.29833984375,6027875,6029923
2943.79833984375,2944.79833984375,6028899,6030947
2944.29833984375,2945.29833984375,6029923,6031971
2944.79833984375,2945.79833984375,6030947,6032995
2945.29833984375,2946.29833984375,6031971,6034019
2945.79833984375,2946.79833984375,6032995,6035043
2946.29833984375,2947.29833984375,6034019,6036067
2946.79833984375,2947.79833984375,6035043,6037091
2947.29833984375,2948.29833984375,6036067,6038115
2947.79833984375,2948.79833984375,6037091,6039139
2948.29833984375,2949.29833984375,6038115,6040163
2948.79833984375,2949.79833984375,6039139,6041187
2949.29833984375,2950.29833984375,6040163,6042211
2949.79833984375,2950.79833984375,6041187,6043235
2950.29833984375,2951.29833984375,6042211,6044259
2950.79833984375,2951.79833984375,6043235,6045283
2951.29833984375,2952.29833984375,6044259,6046307
2951.79833984375,2952.79833984375,6045283,6047331
2952.29833984375,2953.29833984375,6046307,6048355
2952.79833984375,2953.79833984375,6047331,6049379
2953.29833984375,2954.29833984375,6048355,6050403
2953.79833984375,2954.79833984375,6049379,6051427
2954.29833984375,2955.29833984375,6050403,6052451
2954.79833984375,2955.79833984375,6051427,6053475
2955.29833984375,2956.29833984375,6052451,6054499
2955.79833984375,2956.79833984375,6053475,6055523
2956.29833984375,2957.29833984375,6054499,6056547
2956.79833984375,2957.79833984375,6055523,6057571
2957.29833984375,2958.29833984375,6056547,6058595
2957.79833984375,2958.79833984375,6057571,6059619
2958.29833984375,2959.29833984375,6058595,6060643
2958.79833984375,2959.79833984375,6059619,6061667
2959.29833984375,2960.29833984375,6060643,6062691
2959.79833984375,2960.79833984375,6061667,6063715
2960.29833984375,2961.29833984375,6062691,6064739
2960.79833984375,2961.79833984375,6063715,6065763
2969.7939453125,2970.7939453125,6082138,6084186
2970.2939453125,2971.2939453125,6083162,6085210
2970.7939453125,2971.7939453125,6084186,6086234
2971.2939453125,2972.2939453125,6085210,6087258
2971.7939453125,2972.7939453125,6086234,6088282
2972.2939453125,2973.2939453125,6087258,6089306
2972.7939453125,2973.7939453125,6088282,6090330
2973.2939453125,2974.2939453125,6089306,6091354
2973.7939453125,2974.7939453125,6090330,6092378
2974.2939453125,2975.2939453125,6091354,6093402
2974.7939453125,2975.7939453125,6092378,6094426
2975.2939453125,2976.2939453125,6093402,6095450
2975.7939453125,2976.7939453125,6094426,6096474
2976.2939453125,2977.2939453125,6095450,6097498
2976.7939453125,2977.7939453125,6096474,6098522
2977.2939453125,2978.2939453125,6097498,6099546
2977.7939453125,2978.7939453125,6098522,6100570
2978.2939453125,2979.2939453125,6099546,6101594
2978.7939453125,2979.7939453125,6100570,6102618
2979.2939453125,2980.2939453125,6101594,6103642
2979.7939453125,2980.7939453125,6102618,6104666
2980.2939453125,2981.2939453125,6103642,6105690
2980.7939453125,2981.7939453125,6104666,6106714
2981.2939453125,2982.2939453125,6105690,6107738
2981.7939453125,2982.7939453125,6106714,6108762
2982.2939453125,2983.2939453125,6107738,6109786
2982.7939453125,2983.7939453125,6108762,6110810
2983.2939453125,2984.2939453125,6109786,6111834
2983.7939453125,2984.7939453125,6110810,6112858
2984.2939453125,2985.2939453125,6111834,6113882
2984.7939453125,2985.7939453125,6112858,6114906
2985.2939453125,2986.2939453125,6113882,6115930
2985.7939453125,2986.7939453125,6114906,6116954
2986.2939453125,2987.2939453125,6115930,6117978
2986.7939453125,2987.7939453125,6116954,6119002
2987.2939453125,2988.2939453125,6117978,6120026
2987.7939453125,2988.7939453125,6119002,6121050
2988.2939453125,2989.2939453125,6120026,6122074
2988.7939453125,2989.7939453125,6121050,6123098
2989.2939453125,2990.2939453125,6122074,6124122
2989.7939453125,2990.7939453125,6123098,6125146
2990.2939453125,2991.2939453125,6124122,6126170
2990.7939453125,2991.7939453125,6125146,6127194
2991.2939453125,2992.2939453125,6126170,6128218
2991.7939453125,2992.7939453125,6127194,6129242
2992.2939453125,2993.2939453125,6128218,6130266
2992.7939453125,2993.7939453125,6129242,6131290
2993.2939453125,2994.2939453125,6130266,6132314
2993.7939453125,2994.7939453125,6131290,6133338
2994.2939453125,2995.2939453125,6132314,6134362
3003.39306640625,3004.39306640625,6150949,6152997
3003.89306640625,3004.89306640625,6151973,6154021
3004.39306640625,3005.39306640625,6152997,6155045
3004.89306640625,3005.89306640625,6154021,6156069
3005.39306640625,3006.39306640625,6155045,6157093
3005.89306640625,3006.89306640625,6156069,6158117
3006.39306640625,3007.39306640625,6157093,6159141
3006.89306640625,3007.89306640625,6158117,6160165
3007.39306640625,3008.39306640625,6159141,6161189
3007.89306640625,3008.89306640625,6160165,6162213
3008.39306640625,3009.39306640625,6161189,6163237
3008.89306640625,3009.89306640625,6162213,6164261
3009.39306640625,3010.39306640625,6163237,6165285
3009.89306640625,3010.89306640625,6164261,6166309
3010.39306640625,3011.39306640625,6165285,6167333
3010.89306640625,3011.89306640625,6166309,6168357
3011.39306640625,3012.39306640625,6167333,6169381
3011.89306640625,3012.89306640625,6168357,6170405
3012.39306640625,3013.39306640625,6169381,6171429
3012.89306640625,3013.89306640625,6170405,6172453
3013.39306640625,3014.39306640625,6171429,6173477
3013.89306640625,3014.89306640625,6172453,6174501
3014.39306640625,3015.39306640625,6173477,6175525
3014.89306640625,3015.89306640625,6174501,6176549
3015.39306640625,3016.39306640625,6175525,6177573
3015.89306640625,3016.89306640625,6176549,6178597
3016.39306640625,3017.39306640625,6177573,6179621
3016.89306640625,3017.89306640625,6178597,6180645
3017.39306640625,3018.39306640625,6179621,6181669
3017.89306640625,3018.89306640625,6180645,6182693
3018.39306640625,3019.39306640625,6181669,6183717
3018.89306640625,3019.89306640625,6182693,6184741
3019.39306640625,3020.39306640625,6183717,6185765
3019.89306640625,3020.89306640625,6184741,6186789
3020.39306640625,3021.39306640625,6185765,6187813
3020.89306640625,3021.89306640625,6186789,6188837
3021.39306640625,3022.39306640625,6187813,6189861
3021.89306640625,3022.89306640625,6188837,6190885
3022.39306640625,3023.39306640625,6189861,6191909
3022.89306640625,3023.89306640625,6190885,6192933
3023.39306640625,3024.39306640625,6191909,6193957
3023.89306640625,3024.89306640625,6192933,6194981
3024.39306640625,3025.39306640625,6193957,6196005
3024.89306640625,3025.89306640625,6194981,6197029
3025.39306640625,3026.39306640625,6196005,6198053
3025.89306640625,3026.89306640625,6197029,6199077
3026.39306640625,3027.39306640625,6198053,6200101
3026.89306640625,3027.89306640625,6199077,6201125
3027.39306640625,3028.39306640625,6200101,6202149
3027.89306640625,3028.89306640625,6201125,6203173
3028.39306640625,3029.39306640625,6202149,6204197
3028.89306640625,3029.89306640625,6203173,6205221
3029.39306640625,3030.39306640625,6204197,6206245
3029.89306640625,3030.89306640625,6205221,6207269
3030.39306640625,3031.39306640625,6206245,6208293
3030.89306640625,3031.89306640625,6207269,6209317
3031.39306640625,3032.39306640625,6208293,6210341
3031.89306640625,3032.89306640625,6209317,6211365
3032.39306640625,3033.39306640625,6210341,6212389
3032.89306640625,3033.89306640625,6211365,6213413
3033.39306640625,3034.39306640625,6212389,6214437
3033.89306640625,3034.89306640625,6213413,6215461
3034.39306640625,3035.39306640625,6214437,6216485
3034.89306640625,3035.89306640625,6215461,6217509
3035.39306640625,3036.39306640625,6216485,6218533
3035.89306640625,3036.89306640625,6217509,6219557
3036.39306640625,3037.39306640625,6218533,6220581
3036.89306640625,3037.89306640625,6219557,6221605
3037.39306640625,3038.39306640625,6220581,6222629
3037.89306640625,3038.89306640625,6221605,6223653
3051.99853515625,3052.99853515625,6250493,6252541
3052.49853515625,3053.49853515625,6251517,6253565
3052.99853515625,3053.99853515625,6252541,6254589
3053.49853515625,3054.49853515625,6253565,6255613
3053.99853515625,3054.99853515625,6254589,6256637
3325.5595703125,3326.5595703125,6810746,6812794
3326.0595703125,3327.0595703125,6811770,6813818
3326.5595703125,3327.5595703125,6812794,6814842
3327.0595703125,3328.0595703125,6813818,6815866
3327.5595703125,3328.5595703125,6814842,6816890
3364.115234375,3365.115234375,6889708,6891756
3364.615234375,3365.615234375,6890732,6892780
3365.115234375,3366.115234375,6891756,6893804
3365.615234375,3366.615234375,6892780,6894828
3366.115234375,3367.115234375,6893804,6895852
3366.615234375,3367.615234375,6894828,6896876
3417.17724609375,3418.17724609375,6998379,7000427
3417.67724609375,3418.67724609375,6999403,7001451
3418.17724609375,3419.17724609375,7000427,7002475
3418.67724609375,3419.67724609375,7001451,7003499
3419.17724609375,3420.17724609375,7002475,7004523
3419.67724609375,3420.67724609375,7003499,7005547
3420.17724609375,3421.17724609375,7004523,7006571
3420.67724609375,3421.67724609375,7005547,7007595
3421.17724609375,3422.17724609375,7006571,7008619
3421.67724609375,3422.67724609375,7007595,7009643
3422.17724609375,3423.17724609375,7008619,7010667
3422.67724609375,3423.67724609375,7009643,7011691
3423.17724609375,3424.17724609375,7010667,7012715
3423.67724609375,3424.67724609375,7011691,7013739
3424.17724609375,3425.17724609375,7012715,7014763
3424.67724609375,3425.67724609375,7013739,7015787
3425.17724609375,3426.17724609375,7014763,7016811
3436.39892578125,3437.39892578125,7037745,7039793
3436.89892578125,3437.89892578125,7038769,7040817
3437.39892578125,3438.39892578125,7039793,7041841
3437.89892578125,3438.89892578125,7040817,7042865
3438.39892578125,3439.39892578125,7041841,7043889
3438.89892578125,3439.89892578125,7042865,7044913
3439.39892578125,3440.39892578125,7043889,7045937
3439.89892578125,3440.89892578125,7044913,7046961
3440.39892578125,3441.39892578125,7045937,7047985
3440.89892578125,3441.89892578125,7046961,7049009
3458.56396484375,3459.56396484375,7083139,7085187
3459.06396484375,3460.06396484375,7084163,7086211
3459.56396484375,3460.56396484375,7085187,7087235
3494.23876953125,3495.23876953125,7156201,7158249
3494.73876953125,3495.73876953125,7157225,7159273
3495.23876953125,3496.23876953125,7158249,7160297
3495.73876953125,3496.73876953125,7159273,7161321
3496.23876953125,3497.23876953125,7160297,7162345
3496.73876953125,3497.73876953125,7161321,7163369
3513.9091796875,3514.9091796875,7196486,7198534
3514.4091796875,3515.4091796875,7197510,7199558
3514.9091796875,3515.9091796875,7198534,7200582
3526.890625,3527.890625,7223072,7225120
3527.390625,3528.390625,7224096,7226144
3527.890625,3528.890625,7225120,7227168
3528.390625,3529.390625,7226144,7228192
3528.890625,3529.890625,7227168,7229216
3529.390625,3530.390625,7228192,7230240
3529.890625,3530.890625,7229216,7231264
3530.390625,3531.390625,7230240,7232288
3530.890625,3531.890625,7231264,7233312
3531.390625,3532.390625,7232288,7234336
3531.890625,3532.890625,7233312,7235360
3532.390625,3533.390625,7234336,7236384
3532.890625,3533.890625,7235360,7237408
3533.390625,3534.390625,7236384,7238432
3533.890625,3534.890625,7237408,7239456
3542.63818359375,3543.63818359375,7255323,7257371
3543.13818359375,3544.13818359375,7256347,7258395
3543.63818359375,3544.63818359375,7257371,7259419
3659.27978515625,3660.27978515625,7494205,7496253
3659.77978515625,3660.77978515625,7495229,7497277
3660.27978515625,3661.27978515625,7496253,7498301
3660.77978515625,3661.77978515625,7497277,7499325
3661.27978515625,3662.27978515625,7498301,7500349
3661.77978515625,3662.77978515625,7499325,7501373
3662.27978515625,3663.27978515625,7500349,7502397
3662.77978515625,3663.77978515625,7501373,7503421
3663.27978515625,3664.27978515625,7502397,7504445
3663.77978515625,3664.77978515625,7503421,7505469
3664.27978515625,3665.27978515625,7504445,7506493
3664.77978515625,3665.77978515625,7505469,7507517
3665.27978515625,3666.27978515625,7506493,7508541
3665.77978515625,3666.77978515625,7507517,7509565
3666.27978515625,3667.27978515625,7508541,7510589
3666.77978515625,3667.77978515625,7509565,7511613
3667.27978515625,3668.27978515625,7510589,7512637
3667.77978515625,3668.77978515625,7511613,7513661
3668.27978515625,3669.27978515625,7512637,7514685
3668.77978515625,3669.77978515625,7513661,7515709
3669.27978515625,3670.27978515625,7514685,7516733
3669.77978515625,3670.77978515625,7515709,7517757
3670.27978515625,3671.27978515625,7516733,7518781
3670.77978515625,3671.77978515625,7517757,7519805
3671.27978515625,3672.27978515625,7518781,7520829
3671.77978515625,3672.77978515625,7519805,7521853
3672.27978515625,3673.27978515625,7520829,7522877
3672.77978515625,3673.77978515625,7521853,7523901
3673.27978515625,3674.27978515625,7522877,7524925
3673.77978515625,3674.77978515625,7523901,7525949
3674.27978515625,3675.27978515625,7524925,7526973
3674.77978515625,3675.77978515625,7525949,7527997
3675.27978515625,3676.27978515625,7526973,7529021
3675.77978515625,3676.77978515625,7527997,7530045
3676.27978515625,3677.27978515625,7529021,7531069
3676.77978515625,3677.77978515625,7530045,7532093
3677.27978515625,3678.27978515625,7531069,7533117
3688.2119140625,3689.2119140625,7553458,7555506
3688.7119140625,3689.7119140625,7554482,7556530
3689.2119140625,3690.2119140625,7555506,7557554
3689.7119140625,3690.7119140625,7556530,7558578
3690.2119140625,3691.2119140625,7557554,7559602
3690.7119140625,3691.7119140625,7558578,7560626
3691.2119140625,3692.2119140625,7559602,7561650
3691.7119140625,3692.7119140625,7560626,7562674
3692.2119140625,3693.2119140625,7561650,7563698
3692.7119140625,3693.7119140625,7562674,7564722
3693.2119140625,3694.2119140625,7563698,7565746
3693.7119140625,3694.7119140625,7564722,7566770
3694.2119140625,3695.2119140625,7565746,7567794
3694.7119140625,3695.7119140625,7566770,7568818
3713.302734375,3714.302734375,7604844,7606892
3713.802734375,3714.802734375,7605868,7607916
3714.302734375,3715.302734375,7606892,7608940
3756.068359375,3757.068359375,7692428,7694476
3756.568359375,3757.568359375,7693452,7695500
3757.068359375,3758.068359375,7694476,7696524
3757.568359375,3758.568359375,7695500,7697548
3758.068359375,3759.068359375,7696524,7698572
3758.568359375,3759.568359375,7697548,7699596
3759.068359375,3760.068359375,7698572,7700620
3759.568359375,3760.568359375,7699596,7701644
3760.068359375,3761.068359375,7700620,7702668
3760.568359375,3761.568359375,7701644,7703692
3777.5927734375,3778.5927734375,7736510,7738558
3778.0927734375,3779.0927734375,7737534,7739582
3778.5927734375,3779.5927734375,7738558,7740606
3779.0927734375,3780.0927734375,7739582,7741630
3779.5927734375,3780.5927734375,7740606,7742654
3780.0927734375,3781.0927734375,7741630,7743678
3780.5927734375,3781.5927734375,7742654,7744702
3781.0927734375,3782.0927734375,7743678,7745726
3799.072265625,3800.072265625,7780500,7782548
3799.572265625,3800.572265625,7781524,7783572
3800.072265625,3801.072265625,7782548,7784596
3800.572265625,3801.572265625,7783572,7785620
3801.072265625,3802.072265625,7784596,7786644
3810.72021484375,3811.72021484375,7804355,7806403
3811.22021484375,3812.22021484375,7805379,7807427
3811.72021484375,3812.72021484375,7806403,7808451
3812.22021484375,3813.22021484375,7807427,7809475
3812.72021484375,3813.72021484375,7808451,7810499
3824.05126953125,3825.05126953125,7831657,7833705
3824.55126953125,3825.55126953125,7832681,7834729
3825.05126953125,3826.05126953125,7833705,7835753
3825.55126953125,3826.55126953125,7834729,7836777
3826.05126953125,3827.05126953125,7835753,7837801
3826.55126953125,3827.55126953125,7836777,7838825
3827.05126953125,3828.05126953125,7837801,7839849
3827.55126953125,3828.55126953125,7838825,7840873
3828.05126953125,3829.05126953125,7839849,7841897
3828.55126953125,3829.55126953125,7840873,7842921
3829.05126953125,3830.05126953125,7841897,7843945
3829.55126953125,3830.55126953125,7842921,7844969
3830.05126953125,3831.05126953125,7843945,7845993
3830.55126953125,3831.55126953125,7844969,7847017
3831.05126953125,3832.05126953125,7845993,7848041
3831.55126953125,3832.55126953125,7847017,7849065
3832.05126953125,3833.05126953125,7848041,7850089
3846.16845703125,3847.16845703125,7876953,7879001
3846.66845703125,3847.66845703125,7877977,7880025
3847.16845703125,3848.16845703125,7879001,7881049
3847.66845703125,3848.66845703125,7880025,7882073
3848.16845703125,3849.16845703125,7881049,7883097
3848.66845703125,3849.66845703125,7882073,7884121
3849.16845703125,3850.16845703125,7883097,7885145
3849.66845703125,3850.66845703125,7884121,7886169
3850.16845703125,3851.16845703125,7885145,7887193
3850.66845703125,3851.66845703125,7886169,7888217
3851.16845703125,3852.16845703125,7887193,7889241
3851.66845703125,3852.66845703125,7888217,7890265
3852.16845703125,3853.16845703125,7889241,7891289
3879.92626953125,3880.92626953125,7946089,7948137
3880.42626953125,3881.42626953125,7947113,7949161
3880.92626953125,3881.92626953125,7948137,7950185
3881.42626953125,3882.42626953125,7949161,7951209
3881.92626953125,3882.92626953125,7950185,7952233
3882.42626953125,3883.42626953125,7951209,7953257
3882.92626953125,3883.92626953125,7952233,7954281
3883.42626953125,3884.42626953125,7953257,7955305
3883.92626953125,3884.92626953125,7954281,7956329
3884.42626953125,3885.42626953125,7955305,7957353
3884.92626953125,3885.92626953125,7956329,7958377
3885.42626953125,3886.42626953125,7957353,7959401
3885.92626953125,3886.92626953125,7958377,7960425
3886.42626953125,3887.42626953125,7959401,7961449
3886.92626953125,3887.92626953125,7960425,7962473
3887.42626953125,3888.42626953125,7961449,7963497
3887.92626953125,3888.92626953125,7962473,7964521
3888.42626953125,3889.42626953125,7963497,7965545
3888.92626953125,3889.92626953125,7964521,7966569
3889.42626953125,3890.42626953125,7965545,7967593
3889.92626953125,3890.92626953125,7966569,7968617
3890.42626953125,3891.42626953125,7967593,7969641
3890.92626953125,3891.92626953125,7968617,7970665
3891.42626953125,3892.42626953125,7969641,7971689
3891.92626953125,3892.92626953125,7970665,7972713
3892.42626953125,3893.42626953125,7971689,7973737
3892.92626953125,3893.92626953125,7972713,7974761
3893.42626953125,3894.42626953125,7973737,7975785
3893.92626953125,3894.92626953125,7974761,7976809
3894.42626953125,3895.42626953125,7975785,7977833
3894.92626953125,3895.92626953125,7976809,7978857
3902.24072265625,3903.24072265625,7991789,7993837
3902.74072265625,3903.74072265625,7992813,7994861
3903.24072265625,3904.24072265625,7993837,7995885
3903.74072265625,3904.74072265625,7994861,7996909
3904.24072265625,3905.24072265625,7995885,7997933
3904.74072265625,3905.74072265625,7996909,7998957
3905.24072265625,3906.24072265625,7997933,7999981
3905.74072265625,3906.74072265625,7998957,8001005
3906.24072265625,3907.24072265625,7999981,8002029
3906.74072265625,3907.74072265625,8001005,8003053
3907.24072265625,3908.24072265625,8002029,8004077
3907.74072265625,3908.74072265625,8003053,8005101
3908.24072265625,3909.24072265625,8004077,8006125
3908.74072265625,3909.74072265625,8005101,8007149
3909.24072265625,3910.24072265625,8006125,8008173
3909.74072265625,3910.74072265625,8007149,8009197
3910.24072265625,3911.24072265625,8008173,8010221
3910.74072265625,3911.74072265625,8009197,8011245
3911.24072265625,3912.24072265625,8010221,8012269
3911.74072265625,3912.74072265625,8011245,8013293
3912.24072265625,3913.24072265625,8012269,8014317
3912.74072265625,3913.74072265625,8013293,8015341
3913.24072265625,3914.24072265625,8014317,8016365
3913.74072265625,3914.74072265625,8015341,8017389
3914.24072265625,3915.24072265625,8016365,8018413
3914.74072265625,3915.74072265625,8017389,8019437
3915.24072265625,3916.24072265625,8018413,8020461
3915.74072265625,3916.74072265625,8019437,8021485
3916.24072265625,3917.24072265625,8020461,8022509
3916.74072265625,3917.74072265625,8021485,8023533
3917.24072265625,3918.24072265625,8022509,8024557
3917.74072265625,3918.74072265625,8023533,8025581
3918.24072265625,3919.24072265625,8024557,8026605
3925.47216796875,3926.47216796875,8039367,8041415
3925.97216796875,3926.97216796875,8040391,8042439
3926.47216796875,3927.47216796875,8041415,8043463
3926.97216796875,3927.97216796875,8042439,8044487
3927.47216796875,3928.47216796875,8043463,8045511
3927.97216796875,3928.97216796875,8044487,8046535
3928.47216796875,3929.47216796875,8045511,8047559
3928.97216796875,3929.97216796875,8046535,8048583
3929.47216796875,3930.47216796875,8047559,8049607
3929.97216796875,3930.97216796875,8048583,8050631
3930.47216796875,3931.47216796875,8049607,8051655
3930.97216796875,3931.97216796875,8050631,8052679
3931.47216796875,3932.47216796875,8051655,8053703
3931.97216796875,3932.97216796875,8052679,8054727
3932.47216796875,3933.47216796875,8053703,8055751
3932.97216796875,3933.97216796875,8054727,8056775
3933.47216796875,3934.47216796875,8055751,8057799
3933.97216796875,3934.97216796875,8056775,8058823
3934.47216796875,3935.47216796875,8057799,8059847
3934.97216796875,3935.97216796875,8058823,8060871
3935.47216796875,3936.47216796875,8059847,8061895
3935.97216796875,3936.97216796875,8060871,8062919
3954.61474609375,3955.61474609375,8099051,8101099
3955.11474609375,3956.11474609375,8100075,8102123
3955.61474609375,3956.61474609375,8101099,8103147
3956.11474609375,3957.11474609375,8102123,8104171
3956.61474609375,3957.61474609375,8103147,8105195
3957.11474609375,3958.11474609375,8104171,8106219
3957.61474609375,3958.61474609375,8105195,8107243
3958.11474609375,3959.11474609375,8106219,8108267
3958.61474609375,3959.61474609375,8107243,8109291
3971.416015625,3972.416015625,8133460,8135508
3971.916015625,3972.916015625,8134484,8136532
3972.416015625,3973.416015625,8135508,8137556
3972.916015625,3973.916015625,8136532,8138580
3973.416015625,3974.416015625,8137556,8139604
4087.7919921875,4088.7919921875,8371798,8373846
4088.2919921875,4089.2919921875,8372822,8374870
4088.7919921875,4089.7919921875,8373846,8375894
4089.2919921875,4090.2919921875,8374870,8376918
4089.7919921875,4090.7919921875,8375894,8377942
4090.2919921875,4091.2919921875,8376918,8378966
4090.7919921875,4091.7919921875,8377942,8379990
4091.2919921875,4092.2919921875,8378966,8381014
4091.7919921875,4092.7919921875,8379990,8382038
4092.2919921875,4093.2919921875,8381014,8383062
4092.7919921875,4093.7919921875,8382038,8384086
4093.2919921875,4094.2919921875,8383062,8385110
4093.7919921875,4094.7919921875,8384086,8386134
4094.2919921875,4095.2919921875,8385110,8387158
4094.7919921875,4095.7919921875,8386134,8388182
4095.2919921875,4096.2919921875,8387158,8389206
4095.7919921875,4096.7919921875,8388182,8390230
4096.2919921875,4097.2919921875,8389206,8391254
4096.7919921875,4097.7919921875,8390230,8392278
4097.2919921875,4098.2919921875,8391254,8393302
4097.7919921875,4098.7919921875,8392278,8394326
4098.2919921875,4099.2919921875,8393302,8395350
4098.7919921875,4099.7919921875,8394326,8396374
4099.2919921875,4100.2919921875,8395350,8397398
4099.7919921875,4100.7919921875,8396374,8398422
4100.2919921875,4101.2919921875,8397398,8399446
4100.7919921875,4101.7919921875,8398422,8400470
4101.2919921875,4102.2919921875,8399446,8401494
4101.7919921875,4102.7919921875,8400470,8402518
4102.2919921875,4103.2919921875,8401494,8403542
4102.7919921875,4103.7919921875,8402518,8404566
4103.2919921875,4104.2919921875,8403542,8405590
4103.7919921875,4104.7919921875,8404566,8406614
4130.3310546875,4131.3310546875,8458918,8460966
4177.96826171875,4178.96826171875,8556479,8558527
4185.33642578125,4186.33642578125,8571569,8573617
4185.83642578125,4186.83642578125,8572593,8574641
4186.33642578125,4187.33642578125,8573617,8575665
4186.83642578125,4187.83642578125,8574641,8576689
4187.33642578125,4188.33642578125,8575665,8577713
4187.83642578125,4188.83642578125,8576689,8578737
4188.33642578125,4189.33642578125,8577713,8579761
4188.83642578125,4189.83642578125,8578737,8580785
4189.33642578125,4190.33642578125,8579761,8581809
4189.83642578125,4190.83642578125,8580785,8582833
4190.33642578125,4191.33642578125,8581809,8583857
4190.83642578125,4191.83642578125,8582833,8584881
4191.33642578125,4192.33642578125,8583857,8585905
4191.83642578125,4192.83642578125,8584881,8586929
4192.33642578125,4193.33642578125,8585905,8587953
4192.83642578125,4193.83642578125,8586929,8588977
4193.33642578125,4194.33642578125,8587953,8590001
4193.83642578125,4194.83642578125,8588977,8591025
4194.33642578125,4195.33642578125,8590001,8592049
4194.83642578125,4195.83642578125,8591025,8593073
4195.33642578125,4196.33642578125,8592049,8594097
4195.83642578125,4196.83642578125,8593073,8595121
4196.33642578125,4197.33642578125,8594097,8596145
4196.83642578125,4197.83642578125,8595121,8597169
4197.33642578125,4198.33642578125,8596145,8598193
4197.83642578125,4198.83642578125,8597169,8599217
4198.33642578125,4199.33642578125,8598193,8600241
4198.83642578125,4199.83642578125,8599217,8601265
4199.33642578125,4200.33642578125,8600241,8602289
4199.83642578125,4200.83642578125,8601265,8603313
4200.33642578125,4201.33642578125,8602289,8604337
4200.83642578125,4201.83642578125,8603313,8605361
4207.6005859375,4208.6005859375,8617166,8619214
4208.1005859375,4209.1005859375,8618190,8620238
4208.6005859375,4209.6005859375,8619214,8621262
4209.1005859375,4210.1005859375,8620238,8622286
4209.6005859375,4210.6005859375,8621262,8623310
4210.1005859375,4211.1005859375,8622286,8624334
4210.6005859375,4211.6005859375,8623310,8625358
4211.1005859375,4212.1005859375,8624334,8626382
4211.6005859375,4212.6005859375,8625358,8627406
4212.1005859375,4213.1005859375,8626382,8628430
4212.6005859375,4213.6005859375,8627406,8629454
4213.1005859375,4214.1005859375,8628430,8630478
4213.6005859375,4214.6005859375,8629454,8631502
4214.1005859375,4215.1005859375,8630478,8632526
4214.6005859375,4215.6005859375,8631502,8633550
4215.1005859375,4216.1005859375,8632526,8634574
4215.6005859375,4216.6005859375,8633550,8635598
4216.1005859375,4217.1005859375,8634574,8636622
4216.6005859375,4217.6005859375,8635598,8637646
4217.1005859375,4218.1005859375,8636622,8638670
4217.6005859375,4218.6005859375,8637646,8639694
4252.68017578125,4253.68017578125,8709489,8711537
4253.18017578125,4254.18017578125,8710513,8712561
4253.68017578125,4254.68017578125,8711537,8713585
4254.18017578125,4255.18017578125,8712561,8714609
4254.68017578125,4255.68017578125,8713585,8715633
4255.18017578125,4256.18017578125,8714609,8716657
4255.68017578125,4256.68017578125,8715633,8717681
4256.18017578125,4257.18017578125,8716657,8718705
4256.68017578125,4257.68017578125,8717681,8719729
4257.18017578125,4258.18017578125,8718705,8720753
4257.68017578125,4258.68017578125,8719729,8721777
4258.18017578125,4259.18017578125,8720753,8722801
4258.68017578125,4259.68017578125,8721777,8723825
4259.18017578125,4260.18017578125,8722801,8724849
4259.68017578125,4260.68017578125,8723825,8725873
4260.18017578125,4261.18017578125,8724849,8726897
4260.68017578125,4261.68017578125,8725873,8727921
4261.18017578125,4262.18017578125,8726897,8728945
4261.68017578125,4262.68017578125,8727921,8729969
4262.18017578125,4263.18017578125,8728945,8730993
4262.68017578125,4263.68017578125,8729969,8732017
4263.18017578125,4264.18017578125,8730993,8733041
4263.68017578125,4264.68017578125,8732017,8734065
4264.18017578125,4265.18017578125,8733041,8735089
4264.68017578125,4265.68017578125,8734065,8736113
4265.18017578125,4266.18017578125,8735089,8737137
4265.68017578125,4266.68017578125,8736113,8738161
4266.18017578125,4267.18017578125,8737137,8739185
4266.68017578125,4267.68017578125,8738161,8740209
4267.18017578125,4268.18017578125,8739185,8741233
4267.68017578125,4268.68017578125,8740209,8742257
4268.18017578125,4269.18017578125,8741233,8743281
4268.68017578125,4269.68017578125,8742257,8744305
4269.18017578125,4270.18017578125,8743281,8745329
4269.68017578125,4270.68017578125,8744305,8746353
4270.18017578125,4271.18017578125,8745329,8747377
4270.68017578125,4271.68017578125,8746353,8748401
4271.18017578125,4272.18017578125,8747377,8749425
4271.68017578125,4272.68017578125,8748401,8750449
4272.18017578125,4273.18017578125,8749425,8751473
4272.68017578125,4273.68017578125,8750449,8752497
4273.18017578125,4274.18017578125,8751473,8753521
4273.68017578125,4274.68017578125,8752497,8754545
4274.18017578125,4275.18017578125,8753521,8755569
4297.1552734375,4298.1552734375,8800574,8802622
4297.6552734375,4298.6552734375,8801598,8803646
4298.1552734375,4299.1552734375,8802622,8804670
4298.6552734375,4299.6552734375,8803646,8805694
4299.1552734375,4300.1552734375,8804670,8806718
4299.6552734375,4300.6552734375,8805694,8807742
4300.1552734375,4301.1552734375,8806718,8808766
4300.6552734375,4301.6552734375,8807742,8809790
4301.1552734375,4302.1552734375,8808766,8810814
4301.6552734375,4302.6552734375,8809790,8811838
4302.1552734375,4303.1552734375,8810814,8812862
4302.6552734375,4303.6552734375,8811838,8813886
4303.1552734375,4304.1552734375,8812862,8814910
4303.6552734375,4304.6552734375,8813886,8815934
4304.1552734375,4305.1552734375,8814910,8816958
4304.6552734375,4305.6552734375,8815934,8817982
4305.1552734375,4306.1552734375,8816958,8819006
4305.6552734375,4306.6552734375,8817982,8820030
4306.1552734375,4307.1552734375,8819006,8821054
4306.6552734375,4307.6552734375,8820030,8822078
4307.1552734375,4308.1552734375,8821054,8823102
4307.6552734375,4308.6552734375,8822078,8824126
4308.1552734375,4309.1552734375,8823102,8825150
4308.6552734375,4309.6552734375,8824126,8826174
4309.1552734375,4310.1552734375,8825150,8827198
4309.6552734375,4310.6552734375,8826174,8828222
4310.1552734375,4311.1552734375,8827198,8829246
4310.6552734375,4311.6552734375,8828222,8830270
4311.1552734375,4312.1552734375,8829246,8831294
4311.6552734375,4312.6552734375,8830270,8832318
4312.1552734375,4313.1552734375,8831294,8833342
4312.6552734375,4313.6552734375,8832318,8834366
4313.1552734375,4314.1552734375,8833342,8835390
4313.6552734375,4314.6552734375,8834366,8836414
4325.826171875,4326.826171875,8859292,8861340
4326.326171875,4327.326171875,8860316,8862364
4326.826171875,4327.826171875,8861340,8863388
4327.326171875,4328.326171875,8862364,8864412
4327.826171875,4328.826171875,8863388,8865436
4328.326171875,4329.326171875,8864412,8866460
4328.826171875,4329.826171875,8865436,8867484
4329.326171875,4330.326171875,8866460,8868508
4337.20849609375,4338.20849609375,8882603,8884651
4337.70849609375,4338.70849609375,8883627,8885675
4338.20849609375,4339.20849609375,8884651,8886699
4338.70849609375,4339.70849609375,8885675,8887723
4339.20849609375,4340.20849609375,8886699,8888747
4339.70849609375,4340.70849609375,8887723,8889771
4340.20849609375,4341.20849609375,8888747,8890795
4340.70849609375,4341.70849609375,8889771,8891819
4341.20849609375,4342.20849609375,8890795,8892843
4341.70849609375,4342.70849609375,8891819,8893867
4342.20849609375,4343.20849609375,8892843,8894891
4342.70849609375,4343.70849609375,8893867,8895915
4343.20849609375,4344.20849609375,8894891,8896939
4343.70849609375,4344.70849609375,8895915,8897963
4344.20849609375,4345.20849609375,8896939,8898987
4344.70849609375,4345.70849609375,8897963,8900011
4345.20849609375,4346.20849609375,8898987,8901035
4345.70849609375,4346.70849609375,8900011,8902059
4346.20849609375,4347.20849609375,8901035,8903083
4346.70849609375,4347.70849609375,8902059,8904107
4347.20849609375,4348.20849609375,8903083,8905131
4347.70849609375,4348.70849609375,8904107,8906155
4348.20849609375,4349.20849609375,8905131,8907179
4348.70849609375,4349.70849609375,8906155,8908203
4349.20849609375,4350.20849609375,8907179,8909227
4349.70849609375,4350.70849609375,8908203,8910251
4350.20849609375,4351.20849609375,8909227,8911275
4350.70849609375,4351.70849609375,8910251,8912299
4351.20849609375,4352.20849609375,8911275,8913323
4351.70849609375,4352.70849609375,8912299,8914347
4352.20849609375,4353.20849609375,8913323,8915371
4352.70849609375,4353.70849609375,8914347,8916395
4393.14599609375,4394.14599609375,8997163,8999211
4393.64599609375,4394.64599609375,8998187,9000235
4394.14599609375,4395.14599609375,8999211,9001259
4394.64599609375,4395.64599609375,9000235,9002283
4395.14599609375,4396.14599609375,9001259,9003307
4421.72998046875,4422.72998046875,9055703,9057751
4422.22998046875,4423.22998046875,9056727,9058775
4422.72998046875,4423.72998046875,9057751,9059799
4423.22998046875,4424.22998046875,9058775,9060823
4423.72998046875,4424.72998046875,9059799,9061847
4424.22998046875,4425.22998046875,9060823,9062871
4434.0107421875,4435.0107421875,9080854,9082902
4451.6630859375,4452.6630859375,9117006,9119054
4452.1630859375,4453.1630859375,9118030,9120078
4452.6630859375,4453.6630859375,9119054,9121102
4453.1630859375,4454.1630859375,9120078,9122126
4453.6630859375,4454.6630859375,9121102,9123150
4454.1630859375,4455.1630859375,9122126,9124174
4454.6630859375,4455.6630859375,9123150,9125198
4455.1630859375,4456.1630859375,9124174,9126222
4455.6630859375,4456.6630859375,9125198,9127246
4456.1630859375,4457.1630859375,9126222,9128270
4456.6630859375,4457.6630859375,9127246,9129294
4457.1630859375,4458.1630859375,9128270,9130318
4457.6630859375,4458.6630859375,9129294,9131342
4458.1630859375,4459.1630859375,9130318,9132366
4458.6630859375,4459.6630859375,9131342,9133390
4459.1630859375,4460.1630859375,9132366,9134414
4459.6630859375,4460.6630859375,9133390,9135438
4460.1630859375,4461.1630859375,9134414,9136462
4473.74853515625,4474.74853515625,9162237,9164285
4474.24853515625,4475.24853515625,9163261,9165309
4474.74853515625,4475.74853515625,9164285,9166333
4475.24853515625,4476.24853515625,9165309,9167357
4475.74853515625,4476.74853515625,9166333,9168381
4476.24853515625,4477.24853515625,9167357,9169405
4476.74853515625,4477.74853515625,9168381,9170429
4477.24853515625,4478.24853515625,9169405,9171453
4477.74853515625,4478.74853515625,9170429,9172477
4478.24853515625,4479.24853515625,9171453,9173501
4478.74853515625,4479.74853515625,9172477,9174525
4479.24853515625,4480.24853515625,9173501,9175549
4479.74853515625,4480.74853515625,9174525,9176573
4496.2373046875,4497.2373046875,9208294,9210342
4496.7373046875,4497.7373046875,9209318,9211366
4497.2373046875,4498.2373046875,9210342,9212390
4497.7373046875,4498.7373046875,9211366,9213414
4516.20263671875,4517.20263671875,9249183,9251231
4516.70263671875,4517.70263671875,9250207,9252255
4517.20263671875,4518.20263671875,9251231,9253279
4517.70263671875,4518.70263671875,9252255,9254303
4518.20263671875,4519.20263671875,9253279,9255327
4518.70263671875,4519.70263671875,9254303,9256351
4519.20263671875,4520.20263671875,9255327,9257375
4519.70263671875,4520.70263671875,9256351,9258399
4520.20263671875,4521.20263671875,9257375,9259423
4539.06787109375,4540.06787109375,9296011,9298059
4539.56787109375,4540.56787109375,9297035,9299083
4540.06787109375,4541.06787109375,9298059,9300107
4540.56787109375,4541.56787109375,9299083,9301131
4541.06787109375,4542.06787109375,9300107,9302155
4541.56787109375,4542.56787109375,9301131,9303179
4542.06787109375,4543.06787109375,9302155,9304203
4542.56787109375,4543.56787109375,9303179,9305227
4543.06787109375,4544.06787109375,9304203,9306251
4557.22802734375,4558.22802734375,9333203,9335251
4557.72802734375,4558.72802734375,9334227,9336275
4558.22802734375,4559.22802734375,9335251,9337299
4558.72802734375,4559.72802734375,9336275,9338323
4559.22802734375,4560.22802734375,9337299,9339347
4559.72802734375,4560.72802734375,9338323,9340371
4560.22802734375,4561.22802734375,9339347,9341395
4560.72802734375,4561.72802734375,9340371,9342419
4568.05859375,4569.05859375,9355384,9357432
4568.55859375,4569.55859375,9356408,9358456
4569.05859375,4570.05859375,9357432,9359480
4569.55859375,4570.55859375,9358456,9360504
4579.0576171875,4580.0576171875,9377910,9379958
4579.5576171875,4580.5576171875,9378934,9380982
4580.0576171875,4581.0576171875,9379958,9382006
4580.5576171875,4581.5576171875,9380982,9383030
4581.0576171875,4582.0576171875,9382006,9384054
4581.5576171875,4582.5576171875,9383030,9385078
4582.0576171875,4583.0576171875,9384054,9386102
4582.5576171875,4583.5576171875,9385078,9387126
4583.0576171875,4584.0576171875,9386102,9388150
4583.5576171875,4584.5576171875,9387126,9389174
4584.0576171875,4585.0576171875,9388150,9390198
4584.5576171875,4585.5576171875,9389174,9391222
4613.3037109375,4614.3037109375,9448046,9450094
4613.8037109375,4614.8037109375,9449070,9451118
4614.3037109375,4615.3037109375,9450094,9452142
4630.08740234375,4631.08740234375,9482419,9484467
4630.58740234375,4631.58740234375,9483443,9485491
4631.08740234375,4632.08740234375,9484467,9486515
4631.58740234375,4632.58740234375,9485491,9487539
4632.08740234375,4633.08740234375,9486515,9488563
4632.58740234375,4633.58740234375,9487539,9489587
4633.08740234375,4634.08740234375,9488563,9490611
4633.58740234375,4634.58740234375,9489587,9491635
4634.08740234375,4635.08740234375,9490611,9492659
4642.841796875,4643.841796875,9508540,9510588
4643.341796875,4644.341796875,9509564,9511612
